<MigrationProcessCSVMetadataVO>
   <MigrationProcessCSVMetadataVORow>
      <ProcessId>-999</ProcessId>
      <ProcessName>Payroll Flow Patterns_20250709_123142_264_PayrollTest</ProcessName>
      <ProcessDescription>Payroll Flow Patterns_20250709_123142_264_PayrollTest</ProcessDescription>
      <ProcessDate>2025-07-09 12:34:36.67</ProcessDate>
      <ObjectShortName>PAY_MANAGE_PAYROLL_FLOW_PATTERNS</ObjectShortName>
      <ObjectType>TASK</ObjectType>
      <CreatedByFlow>TASK_CSV</CreatedByFlow>
      <ProcessType>EXPORT</ProcessType>
      <ProcessStatus>COMPLETED</ProcessStatus>
      <ProcessEnv>efds-dev2</ProcessEnv>
      <ProcessStartDate>2025-07-09 12:31:44.403</ProcessStartDate>
      <ProcessEndDate>2025-07-09 12:34:36.67</ProcessEndDate>
      <ProcessRelease>11.13.25.04.0</ProcessRelease>
      <SubmittedBy>skhubcha</SubmittedBy>
      <ESSRequestId>40600731</ESSRequestId>
      <MigrationProcessBusinessObjectCSVMetadata1>
         <MigrationProcessBusinessObjectCSVMetadataVORow>
            <ProcessId>-999</ProcessId>
            <BusinessObjectShortName>PAY_PAYROLL_FLOW</BusinessObjectShortName>
            <BatchName>FlowsSetup</BatchName>
            <XmlAttributeList>ViewInstanceName,GroupingKey,BaseFlowName,DefaultFlowFlag,Description,FlowInstanceName,FlowName,FormulaId,LdgRqdFlag,LegislationCode,LegislativeDataGroupName,ConnectorTag,ConnectorStatus,FlowType,OutboundEnabledFlag,MtWithoutSoaFlag,FlowId,LegislativeDataGroupId</XmlAttributeList>
            <XmlAttributeTypeList>string,string,string,string,string,string,string,string,string,string,string,string,string,string,string,string,string,string</XmlAttributeTypeList>
            <XmlNodePath>/FlowsSetupVO/FlowsSetupVORow</XmlNodePath>
            <NodeSequence>1</NodeSequence>
         </MigrationProcessBusinessObjectCSVMetadataVORow>
         <MigrationProcessBusinessObjectCSVMetadataVORow>
            <ProcessId>-999</ProcessId>
            <BusinessObjectShortName>PAY_PAYROLL_FLOW_TRANSLATION</BusinessObjectShortName>
            <BatchName>FlowsSetup</BatchName>
            <XmlAttributeList>ViewInstanceName,GroupingKey,Description,FlowName,Language,SourceLang,BaseFlowName,LegislationCode,LegislativeDataGroupName,FlowId,LegislativeDataGroupId</XmlAttributeList>
            <XmlAttributeTypeList>string,string,string,string,string,string,string,string,string,string,string</XmlAttributeTypeList>
            <XmlNodePath>/FlowsSetupVO/FlowsSetupVORow/FlowSetupTranslationVO/FlowSetupTranslationVORow</XmlNodePath>
            <NodeSequence>1</NodeSequence>
         </MigrationProcessBusinessObjectCSVMetadataVORow>
         <MigrationProcessBusinessObjectCSVMetadataVORow>
            <ProcessId>-999</ProcessId>
            <BusinessObjectShortName>ORA_PAYROLL_FLOW_DEFINITION_INTERACTIONS</BusinessObjectShortName>
            <BatchName>FlowTaskInteraction1</BatchName>
            <XmlAttributeList>ViewInstanceName,GroupingKey,BaseInteractionName,FormulaId,LegislationCode,LegislativeDataGroupName,ToBaseFlowTaskName,ToFlowName,FlowName,FromBaseFlowTaskName,BaseFlowId,FromFlowTaskId,InteractionFlowId,InteractionId,LegislativeDataGroupId,ToFlowTaskId</XmlAttributeList>
            <XmlAttributeTypeList>string,string,string,string,string,string,string,string,string,string,string,string,string,string,string,string</XmlAttributeTypeList>
            <XmlNodePath>/FlowTaskInteractionVO/FlowTaskInteractionVORow</XmlNodePath>
            <NodeSequence>8</NodeSequence>
         </MigrationProcessBusinessObjectCSVMetadataVORow>
         <MigrationProcessBusinessObjectCSVMetadataVORow>
            <ProcessId>-999</ProcessId>
            <BusinessObjectShortName>ORA_PAYROLL_FLOW_DEFINITION_PARAMETERS</BusinessObjectShortName>
            <BatchName>FlowsSetup</BatchName>
            <XmlAttributeList>ViewInstanceName,GroupingKey,BaseFlowParameterName,ContextParamFlag,DefaultType,DefaultVal,Description,DisplayFlag,LegislationCode,ParamDispType,ParamDisplayVal,ParamLookup,ParamSequence,ParamUsageType,ParamValueSet,ParameterCode,ParameterDateVal,ParameterName,ParameterVal,LegislativeDataGroupName,BaseFlowName,LazyLoad,BaseFlowId,FlowParameterId,LegislativeDataGroupId</XmlAttributeList>
            <XmlAttributeTypeList>string,string,string,string,string,string,string,string,string,string,string,string,string,string,string,string,date,string,string,string,string,string,string,string,string</XmlAttributeTypeList>
            <XmlNodePath>/FlowsSetupVO/FlowsSetupVORow/FlowsSetupParameterVO/FlowsSetupParameterVORow</XmlNodePath>
            <NodeSequence>3</NodeSequence>
         </MigrationProcessBusinessObjectCSVMetadataVORow>
         <MigrationProcessBusinessObjectCSVMetadataVORow>
            <ProcessId>-999</ProcessId>
            <BusinessObjectShortName>ORA_PAYROLL_FLOW_DEFINITION_PARAMETERS_TRANSLATION</BusinessObjectShortName>
            <BatchName>FlowsSetup</BatchName>
            <XmlAttributeList>ViewInstanceName,GroupingKey,Description,Language,ParameterName,SourceLang,BaseFlowName,LegislativeDataGroupName,BaseFlowParameterName,LegislationCode,FlowParameterId,LegislativeDataGroupId</XmlAttributeList>
            <XmlAttributeTypeList>string,string,string,string,string,string,string,string,string,string,string,string</XmlAttributeTypeList>
            <XmlNodePath>/FlowsSetupVO/FlowsSetupVORow/FlowsSetupParameterVO/FlowsSetupParameterVORow/FlowsSetupParameterTranslationVO/FlowsSetupParameterTranslationVORow</XmlNodePath>
            <NodeSequence>3</NodeSequence>
         </MigrationProcessBusinessObjectCSVMetadataVORow>
         <MigrationProcessBusinessObjectCSVMetadataVORow>
            <ProcessId>-999</ProcessId>
            <BusinessObjectShortName>ORA_PAYROLL_CONNECTED_FLOWS</BusinessObjectShortName>
            <BatchName>ConnectedFlows</BatchName>
            <XmlAttributeList>ViewInstanceName,GroupingKey,ConnectorTag,FlowName,LegislativeDataGroupName,ConnectedFlowId,BaseFlowId,LegislativeDataGroupId</XmlAttributeList>
            <XmlAttributeTypeList>string,string,string,string,string,string,string,string</XmlAttributeTypeList>
            <XmlNodePath>/ConnectedFlowsVO/ConnectedFlowsVORow</XmlNodePath>
            <NodeSequence>11</NodeSequence>
         </MigrationProcessBusinessObjectCSVMetadataVORow>
         <MigrationProcessBusinessObjectCSVMetadataVORow>
            <ProcessId>-999</ProcessId>
            <BusinessObjectShortName>ORA_PAYROLL_FLOW_DEFINITION_TASKS</BusinessObjectShortName>
            <BatchName>FlowsSetup</BatchName>
            <XmlAttributeList>ViewInstanceName,GroupingKey,BaseFlowTaskName,CategoryType,ChecklistName,Description,DestUiUrl,EndNotifFlag,ErrorNotifFlag,FlowTaskName,FormulaId,LegislationCode,OffsetFlowParameterId,OffsetValue,OverdueNotifFlag,PostCustomService,PreCustomService,StartDateOffsetId,StartDateOffsetValue,StartNotifFlag,SubCategoryType,WarningNotifFlag,BaseFlowName,LegislativeDataGroupName,TaskName,IgnorePreReq,EmpAlertCode,CmpletdAlrtsNotifFlag,CorrProcessesNotifFlag,CriticalAlertsNotifFlag,OutboundEnabledFlag,BaseFlowId,BaseTaskId,FlowTaskId,LegislativeDataGroupId</XmlAttributeList>
            <XmlAttributeTypeList>string,string,string,string,string,string,string,string,string,string,string,string,string,string,string,string,string,string,string,string,string,string,string,string,string,string,string,string,string,string,string,string,string,string,string</XmlAttributeTypeList>
            <XmlNodePath>/FlowsSetupVO/FlowsSetupVORow/FlowTaskSetupVO/FlowTaskSetupVORow</XmlNodePath>
            <NodeSequence>5</NodeSequence>
         </MigrationProcessBusinessObjectCSVMetadataVORow>
         <MigrationProcessBusinessObjectCSVMetadataVORow>
            <ProcessId>-999</ProcessId>
            <BusinessObjectShortName>ORA_PAYROLL_FLOW_DEFINITION_TASKS_TRANSLATION</BusinessObjectShortName>
            <BatchName>FlowsSetup</BatchName>
            <XmlAttributeList>ViewInstanceName,GroupingKey,ChecklistName,Description,FlowTaskName,Language,SourceLang,BaseFlowName,LegislativeDataGroupName,BaseFlowTaskName,LegislationCode,FlowTaskId,LegislativeDataGroupId</XmlAttributeList>
            <XmlAttributeTypeList>string,string,string,string,string,string,string,string,string,string,string,string,string</XmlAttributeTypeList>
            <XmlNodePath>/FlowsSetupVO/FlowsSetupVORow/FlowTaskSetupVO/FlowTaskSetupVORow/FlowTaskSetupTranslationVO/FlowTaskSetupTranslationVORow</XmlNodePath>
            <NodeSequence>5</NodeSequence>
         </MigrationProcessBusinessObjectCSVMetadataVORow>
         <MigrationProcessBusinessObjectCSVMetadataVORow>
            <ProcessId>-999</ProcessId>
            <BusinessObjectShortName>ORA_PAYROLL_FLOW_DEFINITION_TASK_PARAMETERS</BusinessObjectShortName>
            <BatchName>FlowTaskParameterSetup</BatchName>
            <XmlAttributeList>ViewInstanceName,GroupingKey,BaseParameterName,DefaultType,Description,DisplayFlag,LegislationCode,ParamDispType,ParamLookup,ParamSequence,ParamUsageType,ParameterName,BaseFlowTaskName,BaseFlowParameterName,LegislativeDataGroupName,TaskParameterName,TaskActionName,TaskName,BindFlowTaskBaseFlowTaskName,BindFlowTaskBaseFlowTaskParameterName,BindFlowTaskTaskName,BindFlowTaskTaskActionName,BindFlowTaskTaskParameterName,FlowName,FlowParameterFlowName,BindFlowTaskFlowName,DefaultValBaseFlowParameterName,DefaultValFlowParameterFlowName,DefaultValBaseFlowTaskName,DefaultValBaseFlowTaskParameterName,DefaultValFlowName,DefaultValTaskParameterName,DefaultValTaskActionName,DefaultValTaskName,DefaultValDup,BaseFlowParameterId,BaseFlowTaskId,BaseTaskParameterId,DefaultVal,FlowTaskParamId,LegislativeDataGroupId,ParamValueSet,BindFlowTaskBaseTaskParameterId,DefaultValBaseTaskParameterId</XmlAttributeList>
            <XmlAttributeTypeList>string,string,string,string,string,string,string,string,string,string,string,string,string,string,string,string,string,string,string,string,string,string,string,string,string,string,string,string,string,string,string,string,string,string,string,string,string,string,string,string,string,string,string,string</XmlAttributeTypeList>
            <XmlNodePath>/FlowTaskParameterSetupVO/FlowTaskParameterSetupVORow</XmlNodePath>
            <NodeSequence>7</NodeSequence>
         </MigrationProcessBusinessObjectCSVMetadataVORow>
         <MigrationProcessBusinessObjectCSVMetadataVORow>
            <ProcessId>-999</ProcessId>
            <BusinessObjectShortName>ORA_PAYROLL_FLOW_DEFINITION_CHECKLISTS</BusinessObjectShortName>
            <BatchName>Checklists</BatchName>
            <XmlAttributeList>ViewInstanceName,GroupingKey,BaseChecklistName,CategoryType,ChecklistName,ChecklistType,Description,DestUiUrl,LegislationCode,RunSequence,SubCategoryType,LegislativeDataGroupName,BaseFlowName,BaseFlowTaskName,ParentBaseChecklistName,BaseFlowId,BaseFlowTaskId,ChecklistId,LegislativeDataGroupId,ParentChecklistId</XmlAttributeList>
            <XmlAttributeTypeList>string,string,string,string,string,string,string,string,string,string,string,string,string,string,string,string,string,string,string,string</XmlAttributeTypeList>
            <XmlNodePath>/CheckListsVO/CheckListsVORow</XmlNodePath>
            <NodeSequence>9</NodeSequence>
         </MigrationProcessBusinessObjectCSVMetadataVORow>
         <MigrationProcessBusinessObjectCSVMetadataVORow>
            <ProcessId>-999</ProcessId>
            <BusinessObjectShortName>ORA_PAYROLL_FLOW_DEFINITION_CHECKLISTS_TRANSLATION</BusinessObjectShortName>
            <BatchName>Checklists</BatchName>
            <XmlAttributeList>ViewInstanceName,GroupingKey,ChecklistName,Description,Language,SourceLang,BaseFlowName,LegislativeDataGroupName,BaseChecklistName,LegislationCode,ChecklistId,LegislativeDataGroupId</XmlAttributeList>
            <XmlAttributeTypeList>string,string,string,string,string,string,string,string,string,string,string,string</XmlAttributeTypeList>
            <XmlNodePath>/CheckListsVO/CheckListsVORow/CheckListsTranslationVO/CheckListsTranslationVORow</XmlNodePath>
            <NodeSequence>9</NodeSequence>
         </MigrationProcessBusinessObjectCSVMetadataVORow>
      </MigrationProcessBusinessObjectCSVMetadata1>
      <MigrationProcessBatchCSVMetadata>
         <MigrationProcessBatchCSVMetadataVORow>
            <ProcessId>-999</ProcessId>
            <BatchName>Tasks</BatchName>
            <ImportSequence>0</ImportSequence>
            <ServiceName>oracle.apps.hcm.processFlows.core.flowDefinitionMigrationService.FlowDefinitionMigrationService</ServiceName>
            <BatchSize null="true"/>
         </MigrationProcessBatchCSVMetadataVORow>
         <MigrationProcessBatchCSVMetadataVORow>
            <ProcessId>-999</ProcessId>
            <BatchName>FlowsSetup</BatchName>
            <ImportSequence>1</ImportSequence>
            <ServiceName>oracle.apps.hcm.processFlows.core.flowDefinitionMigrationService.FlowDefinitionMigrationService</ServiceName>
            <BatchSize>500</BatchSize>
         </MigrationProcessBatchCSVMetadataVORow>
         <MigrationProcessBatchCSVMetadataVORow>
            <ProcessId>-999</ProcessId>
            <BatchName>FlowTaskParameterSetup</BatchName>
            <ImportSequence>2</ImportSequence>
            <ServiceName>oracle.apps.hcm.processFlows.core.flowDefinitionMigrationService.FlowDefinitionMigrationService</ServiceName>
            <BatchSize null="true"/>
         </MigrationProcessBatchCSVMetadataVORow>
         <MigrationProcessBatchCSVMetadataVORow>
            <ProcessId>-999</ProcessId>
            <BatchName>FlowTaskInteraction1</BatchName>
            <ImportSequence>3</ImportSequence>
            <ServiceName>oracle.apps.hcm.processFlows.core.flowDefinitionMigrationService.FlowDefinitionMigrationService</ServiceName>
            <BatchSize null="true"/>
         </MigrationProcessBatchCSVMetadataVORow>
         <MigrationProcessBatchCSVMetadataVORow>
            <ProcessId>-999</ProcessId>
            <BatchName>Checklists</BatchName>
            <ImportSequence>4</ImportSequence>
            <ServiceName>oracle.apps.hcm.processFlows.core.flowDefinitionMigrationService.FlowDefinitionMigrationService</ServiceName>
            <BatchSize null="true"/>
         </MigrationProcessBatchCSVMetadataVORow>
         <MigrationProcessBatchCSVMetadataVORow>
            <ProcessId>-999</ProcessId>
            <BatchName>ConnectedFlows</BatchName>
            <ImportSequence>5</ImportSequence>
            <ServiceName>oracle.apps.hcm.processFlows.core.flowDefinitionMigrationService.FlowDefinitionMigrationService</ServiceName>
            <BatchSize null="true"/>
         </MigrationProcessBatchCSVMetadataVORow>
      </MigrationProcessBatchCSVMetadata>
      <MigrationProcessScopeValueCSVMetadata>
         <MigrationProcessScopeValueCSVMetadataVORow>
            <ProcessId>-999</ProcessId>
            <MigScopeValueSetId>100002684736151</MigScopeValueSetId>
            <BusinessObjectShortName>PAY_PAYROLL_FLOW</BusinessObjectShortName>
            <ScopeValueBoAttributeId>FlowId</ScopeValueBoAttributeId>
            <ScopeValueBoAttributeValue>SKHUBCHA Payroll Flow Pattern Test</ScopeValueBoAttributeValue>
            <ScopeValueBoAttributeValueCode>300005040233228</ScopeValueBoAttributeValueCode>
         </MigrationProcessScopeValueCSVMetadataVORow>
      </MigrationProcessScopeValueCSVMetadata>
      <MigrationProcessMigrationObjectCSVMetadata>
         <MigrationProcessMigrationObjectCSVMetadataVORow>
            <ProcessId>-999</ProcessId>
            <BusinessObjectShortName>ORA_PAYROLL_FLOW_DEFINITION_CHECKLISTS</BusinessObjectShortName>
            <MigrateFlag>Y</MigrateFlag>
            <IncludeExternalDataFlag>Y</IncludeExternalDataFlag>
         </MigrationProcessMigrationObjectCSVMetadataVORow>
         <MigrationProcessMigrationObjectCSVMetadataVORow>
            <ProcessId>-999</ProcessId>
            <BusinessObjectShortName>ORA_PAYROLL_FLOW_DEFINITION_INTERACTIONS</BusinessObjectShortName>
            <MigrateFlag>Y</MigrateFlag>
            <IncludeExternalDataFlag>Y</IncludeExternalDataFlag>
         </MigrationProcessMigrationObjectCSVMetadataVORow>
         <MigrationProcessMigrationObjectCSVMetadataVORow>
            <ProcessId>-999</ProcessId>
            <BusinessObjectShortName>ORA_PAYROLL_FLOW_DEFINITION_PARAMETERS</BusinessObjectShortName>
            <MigrateFlag>Y</MigrateFlag>
            <IncludeExternalDataFlag>Y</IncludeExternalDataFlag>
         </MigrationProcessMigrationObjectCSVMetadataVORow>
         <MigrationProcessMigrationObjectCSVMetadataVORow>
            <ProcessId>-999</ProcessId>
            <BusinessObjectShortName>ORA_PAYROLL_FLOW_DEFINITION_TASKS</BusinessObjectShortName>
            <MigrateFlag>Y</MigrateFlag>
            <IncludeExternalDataFlag>Y</IncludeExternalDataFlag>
         </MigrationProcessMigrationObjectCSVMetadataVORow>
         <MigrationProcessMigrationObjectCSVMetadataVORow>
            <ProcessId>-999</ProcessId>
            <BusinessObjectShortName>ORA_PAYROLL_FLOW_DEFINITION_TASK_PARAMETERS</BusinessObjectShortName>
            <MigrateFlag>Y</MigrateFlag>
            <IncludeExternalDataFlag>Y</IncludeExternalDataFlag>
         </MigrationProcessMigrationObjectCSVMetadataVORow>
         <MigrationProcessMigrationObjectCSVMetadataVORow>
            <ProcessId>-999</ProcessId>
            <BusinessObjectShortName>PAY_PAYROLL_FLOW</BusinessObjectShortName>
            <MigrateFlag>Y</MigrateFlag>
            <IncludeExternalDataFlag>Y</IncludeExternalDataFlag>
         </MigrationProcessMigrationObjectCSVMetadataVORow>
         <MigrationProcessMigrationObjectCSVMetadataVORow>
            <ProcessId>-999</ProcessId>
            <BusinessObjectShortName>ORA_PAYROLL_CONNECTED_FLOWS</BusinessObjectShortName>
            <MigrateFlag>Y</MigrateFlag>
            <IncludeExternalDataFlag>Y</IncludeExternalDataFlag>
         </MigrationProcessMigrationObjectCSVMetadataVORow>
      </MigrationProcessMigrationObjectCSVMetadata>
      <MigrationProcessTaskCSVMetadata null="true"/>
      <MigrationProcessServiceVersionCSVMetadata null="true"/>
   </MigrationProcessCSVMetadataVORow>
</MigrationProcessCSVMetadataVO>