"PAY_PAYROLL_FLOW.FlowName","FlowTaskName","ViewInstanceName","GroupingKey","BaseFlowTaskName","CategoryType","ChecklistName","Description","DestUiUrl","EndNotifFlag","ErrorNotifFlag","FormulaId","LegislationCode","OffsetFlowParameterId","OffsetValue","OverdueNotifFlag","PostCustomService","PreCustomService","StartDateOffsetId","StartDateOffsetValue","StartNotifFlag","SubCategoryType","WarningNotifFlag","BaseFlowName","LegislativeDataGroupName","TaskName","IgnorePreReq","EmpAlertCode","CmpletdAlrtsNotifFlag","CorrProcessesNotifFlag","CriticalAlertsNotifFlag","OutboundEnabledFlag","BaseFlowId","BaseTaskId","FlowTaskId","LegislativeDataGroupId"
"SKHUBCHA Payroll Flow Pattern Test","Start Task","FlowTaskSetup","Start Task300005040233229,SKHUBCHA PAYROLL FLOW PATTERN TEST","Start Task300005040233229","","Start Task","","","","","","","","","","","","","","","","","SKHUBCHA PAYROLL FLOW PATTERN TEST","USA Legislative Data Group","Start Task","","","","","","","","","",""
"SKHUBCHA Payroll Flow Pattern Test","End Task","FlowTaskSetup","End Task300005040233230,SKHUBCHA PAYROLL FLOW PATTERN TEST","End Task300005040233230","","End Task","","","","","","","","","","","","","","","","","SKHUBCHA PAYROLL FLOW PATTERN TEST","USA Legislative Data Group","End Task","","","","","","","","","",""
"SKHUBCHA Payroll Flow Pattern Test","Calculate Payroll","FlowTaskSetup","Calculate Payroll300005040233232,SKHUBCHA PAYROLL FLOW PATTERN TEST","Calculate Payroll300005040233232","CALCULATE","Calculate Payroll","Submit a process to calculate the payroll run results such as the gross to net results.","/WEB-INF/oracle/apps/hcm/processFlows/payCalculations/ui/flow/PayrollCalculationWorkAreaContainerFlow.xml","","","","","","","","","","","","","CALCULATE_200_PAYROLL","","SKHUBCHA PAYROLL FLOW PATTERN TEST","USA Legislative Data Group","Calculate Payroll","","","","","","","","","",""
"SKHUBCHA Payroll Flow Pattern Test","Calculate Payroll for Late Hire","FlowTaskSetup","Calculate Payroll for Late Hire300005040233260,SKHUBCHA PAYROLL FLOW PATTERN TEST","Calculate Payroll for Late Hire300005040233260","CALCULATE","Calculate Payroll for Late Hire"," ","","","","","","","","","","","","","","CALCULATE_300_CORRECTIONS","","SKHUBCHA PAYROLL FLOW PATTERN TEST","USA Legislative Data Group","Calculate Payroll for Late Hire","","","","","","","","","",""
"SKHUBCHA Payroll Flow Pattern Test","Calculate Payroll for Single Employee","FlowTaskSetup","Calculate Payroll for Single Employee300005040233277,SKHUBCHA PAYROLL FLOW PATTERN TEST","Calculate Payroll for Single Employee300005040233277","CALCULATE","Calculate Payroll for Single Employee","Calculate Payroll for Single Employee","/WEB-INF/oracle/apps/hcm/processFlows/payCalculations/ui/flow/PayrollCalculationWorkAreaContainerFlow.xml","","","","","","","","","","","","","CALCULATE_200_PAYROLL","","SKHUBCHA PAYROLL FLOW PATTERN TEST","USA Legislative Data Group","Calculate Payroll for Single Employee","","","","","","","","","",""
