"PAY_PAYROLL_FLOW.FlowName","ORA_PAYROLL_FLOW_DEFINITION_TASKS.FlowTaskName","ViewInstanceName","GroupingKey","ChecklistName","Description","FlowTaskName","Language","SourceLang","BaseFlowName","LegislativeDataGroupName","BaseFlowTaskName","LegislationCode","FlowTaskId","LegislativeDataGroupId"
"SKHUBCHA Payroll Flow Pattern Test","Start Task","FlowTaskSetupTranslation","Start Task300005040233229,SKHUBCHA PAYROLL FLOW PATTERN TEST","Start Task","","Start Task","CS","US","SKHUBCHA PAYROLL FLOW PATTERN TEST","USA Legislative Data Group","Start Task300005040233229","","",""
"SKHUBCHA Payroll Flow Pattern Test","Start Task","FlowTaskSetupTranslation","Start Task300005040233229,SKHUBCHA PAYROLL FLOW PATTERN TEST","Start Task","","Start Task","D","US","SKHUBCHA PAYROLL FLOW PATTERN TEST","USA Legislative Data Group","Start Task300005040233229","","",""
"SKHUBCHA Payroll Flow Pattern Test","Start Task","FlowTaskSetupTranslation","Start Task300005040233229,SKHUBCHA PAYROLL FLOW PATTERN TEST","Start Task","","Start Task","DK","US","SKHUBCHA PAYROLL FLOW PATTERN TEST","USA Legislative Data Group","Start Task300005040233229","","",""
"SKHUBCHA Payroll Flow Pattern Test","Start Task","FlowTaskSetupTranslation","Start Task300005040233229,SKHUBCHA PAYROLL FLOW PATTERN TEST","Start Task","","Start Task","E","US","SKHUBCHA PAYROLL FLOW PATTERN TEST","USA Legislative Data Group","Start Task300005040233229","","",""
"SKHUBCHA Payroll Flow Pattern Test","Start Task","FlowTaskSetupTranslation","Start Task300005040233229,SKHUBCHA PAYROLL FLOW PATTERN TEST","Start Task","","Start Task","F","US","SKHUBCHA PAYROLL FLOW PATTERN TEST","USA Legislative Data Group","Start Task300005040233229","","",""
"SKHUBCHA Payroll Flow Pattern Test","Start Task","FlowTaskSetupTranslation","Start Task300005040233229,SKHUBCHA PAYROLL FLOW PATTERN TEST","Start Task","","Start Task","FRC","US","SKHUBCHA PAYROLL FLOW PATTERN TEST","USA Legislative Data Group","Start Task300005040233229","","",""
"SKHUBCHA Payroll Flow Pattern Test","Start Task","FlowTaskSetupTranslation","Start Task300005040233229,SKHUBCHA PAYROLL FLOW PATTERN TEST","Start Task","","Start Task","HU","US","SKHUBCHA PAYROLL FLOW PATTERN TEST","USA Legislative Data Group","Start Task300005040233229","","",""
"SKHUBCHA Payroll Flow Pattern Test","Start Task","FlowTaskSetupTranslation","Start Task300005040233229,SKHUBCHA PAYROLL FLOW PATTERN TEST","Start Task","","Start Task","I","US","SKHUBCHA PAYROLL FLOW PATTERN TEST","USA Legislative Data Group","Start Task300005040233229","","",""
"SKHUBCHA Payroll Flow Pattern Test","Start Task","FlowTaskSetupTranslation","Start Task300005040233229,SKHUBCHA PAYROLL FLOW PATTERN TEST","Start Task","","Start Task","KO","US","SKHUBCHA PAYROLL FLOW PATTERN TEST","USA Legislative Data Group","Start Task300005040233229","","",""
"SKHUBCHA Payroll Flow Pattern Test","Start Task","FlowTaskSetupTranslation","Start Task300005040233229,SKHUBCHA PAYROLL FLOW PATTERN TEST","Start Task","","Start Task","N","US","SKHUBCHA PAYROLL FLOW PATTERN TEST","USA Legislative Data Group","Start Task300005040233229","","",""
"SKHUBCHA Payroll Flow Pattern Test","Start Task","FlowTaskSetupTranslation","Start Task300005040233229,SKHUBCHA PAYROLL FLOW PATTERN TEST","Start Task","","Start Task","NL","US","SKHUBCHA PAYROLL FLOW PATTERN TEST","USA Legislative Data Group","Start Task300005040233229","","",""
"SKHUBCHA Payroll Flow Pattern Test","Start Task","FlowTaskSetupTranslation","Start Task300005040233229,SKHUBCHA PAYROLL FLOW PATTERN TEST","Start Task","","Start Task","PL","US","SKHUBCHA PAYROLL FLOW PATTERN TEST","USA Legislative Data Group","Start Task300005040233229","","",""
"SKHUBCHA Payroll Flow Pattern Test","Start Task","FlowTaskSetupTranslation","Start Task300005040233229,SKHUBCHA PAYROLL FLOW PATTERN TEST","Start Task","","Start Task","PTB","US","SKHUBCHA PAYROLL FLOW PATTERN TEST","USA Legislative Data Group","Start Task300005040233229","","",""
"SKHUBCHA Payroll Flow Pattern Test","Start Task","FlowTaskSetupTranslation","Start Task300005040233229,SKHUBCHA PAYROLL FLOW PATTERN TEST","Start Task","","Start Task","RO","US","SKHUBCHA PAYROLL FLOW PATTERN TEST","USA Legislative Data Group","Start Task300005040233229","","",""
"SKHUBCHA Payroll Flow Pattern Test","Start Task","FlowTaskSetupTranslation","Start Task300005040233229,SKHUBCHA PAYROLL FLOW PATTERN TEST","Start Task","","Start Task","S","US","SKHUBCHA PAYROLL FLOW PATTERN TEST","USA Legislative Data Group","Start Task300005040233229","","",""
"SKHUBCHA Payroll Flow Pattern Test","Start Task","FlowTaskSetupTranslation","Start Task300005040233229,SKHUBCHA PAYROLL FLOW PATTERN TEST","Start Task","","Start Task","SF","US","SKHUBCHA PAYROLL FLOW PATTERN TEST","USA Legislative Data Group","Start Task300005040233229","","",""
"SKHUBCHA Payroll Flow Pattern Test","Start Task","FlowTaskSetupTranslation","Start Task300005040233229,SKHUBCHA PAYROLL FLOW PATTERN TEST","Start Task","","Start Task","TH","US","SKHUBCHA PAYROLL FLOW PATTERN TEST","USA Legislative Data Group","Start Task300005040233229","","",""
"SKHUBCHA Payroll Flow Pattern Test","Start Task","FlowTaskSetupTranslation","Start Task300005040233229,SKHUBCHA PAYROLL FLOW PATTERN TEST","Start Task","","Start Task","TR","US","SKHUBCHA PAYROLL FLOW PATTERN TEST","USA Legislative Data Group","Start Task300005040233229","","",""
"SKHUBCHA Payroll Flow Pattern Test","Start Task","FlowTaskSetupTranslation","Start Task300005040233229,SKHUBCHA PAYROLL FLOW PATTERN TEST","Start Task","","Start Task","US","US","SKHUBCHA PAYROLL FLOW PATTERN TEST","USA Legislative Data Group","Start Task300005040233229","","",""
"SKHUBCHA Payroll Flow Pattern Test","Start Task","FlowTaskSetupTranslation","Start Task300005040233229,SKHUBCHA PAYROLL FLOW PATTERN TEST","Start Task","","Start Task","VN","US","SKHUBCHA PAYROLL FLOW PATTERN TEST","USA Legislative Data Group","Start Task300005040233229","","",""
"SKHUBCHA Payroll Flow Pattern Test","Start Task","FlowTaskSetupTranslation","Start Task300005040233229,SKHUBCHA PAYROLL FLOW PATTERN TEST","Start Task","","Start Task","ZHS","US","SKHUBCHA PAYROLL FLOW PATTERN TEST","USA Legislative Data Group","Start Task300005040233229","","",""
"SKHUBCHA Payroll Flow Pattern Test","Start Task","FlowTaskSetupTranslation","Start Task300005040233229,SKHUBCHA PAYROLL FLOW PATTERN TEST","Start Task","","Start Task","ZHT","US","SKHUBCHA PAYROLL FLOW PATTERN TEST","USA Legislative Data Group","Start Task300005040233229","","",""
"SKHUBCHA Payroll Flow Pattern Test","End Task","FlowTaskSetupTranslation","End Task300005040233230,SKHUBCHA PAYROLL FLOW PATTERN TEST","End Task","","End Task","CS","US","SKHUBCHA PAYROLL FLOW PATTERN TEST","USA Legislative Data Group","End Task300005040233230","","",""
"SKHUBCHA Payroll Flow Pattern Test","End Task","FlowTaskSetupTranslation","End Task300005040233230,SKHUBCHA PAYROLL FLOW PATTERN TEST","End Task","","End Task","D","US","SKHUBCHA PAYROLL FLOW PATTERN TEST","USA Legislative Data Group","End Task300005040233230","","",""
"SKHUBCHA Payroll Flow Pattern Test","End Task","FlowTaskSetupTranslation","End Task300005040233230,SKHUBCHA PAYROLL FLOW PATTERN TEST","End Task","","End Task","DK","US","SKHUBCHA PAYROLL FLOW PATTERN TEST","USA Legislative Data Group","End Task300005040233230","","",""
"SKHUBCHA Payroll Flow Pattern Test","End Task","FlowTaskSetupTranslation","End Task300005040233230,SKHUBCHA PAYROLL FLOW PATTERN TEST","End Task","","End Task","E","US","SKHUBCHA PAYROLL FLOW PATTERN TEST","USA Legislative Data Group","End Task300005040233230","","",""
"SKHUBCHA Payroll Flow Pattern Test","End Task","FlowTaskSetupTranslation","End Task300005040233230,SKHUBCHA PAYROLL FLOW PATTERN TEST","End Task","","End Task","F","US","SKHUBCHA PAYROLL FLOW PATTERN TEST","USA Legislative Data Group","End Task300005040233230","","",""
"SKHUBCHA Payroll Flow Pattern Test","End Task","FlowTaskSetupTranslation","End Task300005040233230,SKHUBCHA PAYROLL FLOW PATTERN TEST","End Task","","End Task","FRC","US","SKHUBCHA PAYROLL FLOW PATTERN TEST","USA Legislative Data Group","End Task300005040233230","","",""
"SKHUBCHA Payroll Flow Pattern Test","End Task","FlowTaskSetupTranslation","End Task300005040233230,SKHUBCHA PAYROLL FLOW PATTERN TEST","End Task","","End Task","HU","US","SKHUBCHA PAYROLL FLOW PATTERN TEST","USA Legislative Data Group","End Task300005040233230","","",""
"SKHUBCHA Payroll Flow Pattern Test","End Task","FlowTaskSetupTranslation","End Task300005040233230,SKHUBCHA PAYROLL FLOW PATTERN TEST","End Task","","End Task","I","US","SKHUBCHA PAYROLL FLOW PATTERN TEST","USA Legislative Data Group","End Task300005040233230","","",""
"SKHUBCHA Payroll Flow Pattern Test","End Task","FlowTaskSetupTranslation","End Task300005040233230,SKHUBCHA PAYROLL FLOW PATTERN TEST","End Task","","End Task","KO","US","SKHUBCHA PAYROLL FLOW PATTERN TEST","USA Legislative Data Group","End Task300005040233230","","",""
"SKHUBCHA Payroll Flow Pattern Test","End Task","FlowTaskSetupTranslation","End Task300005040233230,SKHUBCHA PAYROLL FLOW PATTERN TEST","End Task","","End Task","N","US","SKHUBCHA PAYROLL FLOW PATTERN TEST","USA Legislative Data Group","End Task300005040233230","","",""
"SKHUBCHA Payroll Flow Pattern Test","End Task","FlowTaskSetupTranslation","End Task300005040233230,SKHUBCHA PAYROLL FLOW PATTERN TEST","End Task","","End Task","NL","US","SKHUBCHA PAYROLL FLOW PATTERN TEST","USA Legislative Data Group","End Task300005040233230","","",""
"SKHUBCHA Payroll Flow Pattern Test","End Task","FlowTaskSetupTranslation","End Task300005040233230,SKHUBCHA PAYROLL FLOW PATTERN TEST","End Task","","End Task","PL","US","SKHUBCHA PAYROLL FLOW PATTERN TEST","USA Legislative Data Group","End Task300005040233230","","",""
"SKHUBCHA Payroll Flow Pattern Test","End Task","FlowTaskSetupTranslation","End Task300005040233230,SKHUBCHA PAYROLL FLOW PATTERN TEST","End Task","","End Task","PTB","US","SKHUBCHA PAYROLL FLOW PATTERN TEST","USA Legislative Data Group","End Task300005040233230","","",""
"SKHUBCHA Payroll Flow Pattern Test","End Task","FlowTaskSetupTranslation","End Task300005040233230,SKHUBCHA PAYROLL FLOW PATTERN TEST","End Task","","End Task","RO","US","SKHUBCHA PAYROLL FLOW PATTERN TEST","USA Legislative Data Group","End Task300005040233230","","",""
"SKHUBCHA Payroll Flow Pattern Test","End Task","FlowTaskSetupTranslation","End Task300005040233230,SKHUBCHA PAYROLL FLOW PATTERN TEST","End Task","","End Task","S","US","SKHUBCHA PAYROLL FLOW PATTERN TEST","USA Legislative Data Group","End Task300005040233230","","",""
"SKHUBCHA Payroll Flow Pattern Test","End Task","FlowTaskSetupTranslation","End Task300005040233230,SKHUBCHA PAYROLL FLOW PATTERN TEST","End Task","","End Task","SF","US","SKHUBCHA PAYROLL FLOW PATTERN TEST","USA Legislative Data Group","End Task300005040233230","","",""
"SKHUBCHA Payroll Flow Pattern Test","End Task","FlowTaskSetupTranslation","End Task300005040233230,SKHUBCHA PAYROLL FLOW PATTERN TEST","End Task","","End Task","TH","US","SKHUBCHA PAYROLL FLOW PATTERN TEST","USA Legislative Data Group","End Task300005040233230","","",""
"SKHUBCHA Payroll Flow Pattern Test","End Task","FlowTaskSetupTranslation","End Task300005040233230,SKHUBCHA PAYROLL FLOW PATTERN TEST","End Task","","End Task","TR","US","SKHUBCHA PAYROLL FLOW PATTERN TEST","USA Legislative Data Group","End Task300005040233230","","",""
"SKHUBCHA Payroll Flow Pattern Test","End Task","FlowTaskSetupTranslation","End Task300005040233230,SKHUBCHA PAYROLL FLOW PATTERN TEST","End Task","","End Task","US","US","SKHUBCHA PAYROLL FLOW PATTERN TEST","USA Legislative Data Group","End Task300005040233230","","",""
"SKHUBCHA Payroll Flow Pattern Test","End Task","FlowTaskSetupTranslation","End Task300005040233230,SKHUBCHA PAYROLL FLOW PATTERN TEST","End Task","","End Task","VN","US","SKHUBCHA PAYROLL FLOW PATTERN TEST","USA Legislative Data Group","End Task300005040233230","","",""
"SKHUBCHA Payroll Flow Pattern Test","End Task","FlowTaskSetupTranslation","End Task300005040233230,SKHUBCHA PAYROLL FLOW PATTERN TEST","End Task","","End Task","ZHS","US","SKHUBCHA PAYROLL FLOW PATTERN TEST","USA Legislative Data Group","End Task300005040233230","","",""
"SKHUBCHA Payroll Flow Pattern Test","End Task","FlowTaskSetupTranslation","End Task300005040233230,SKHUBCHA PAYROLL FLOW PATTERN TEST","End Task","","End Task","ZHT","US","SKHUBCHA PAYROLL FLOW PATTERN TEST","USA Legislative Data Group","End Task300005040233230","","",""
"SKHUBCHA Payroll Flow Pattern Test","Calculate Payroll","FlowTaskSetupTranslation","Calculate Payroll300005040233232,SKHUBCHA PAYROLL FLOW PATTERN TEST","Calculate Payroll","Submit a process to calculate the payroll run results such as the gross to net results.","Calculate Payroll","CS","US","SKHUBCHA PAYROLL FLOW PATTERN TEST","USA Legislative Data Group","Calculate Payroll300005040233232","","",""
"SKHUBCHA Payroll Flow Pattern Test","Calculate Payroll","FlowTaskSetupTranslation","Calculate Payroll300005040233232,SKHUBCHA PAYROLL FLOW PATTERN TEST","Calculate Payroll","Submit a process to calculate the payroll run results such as the gross to net results.","Calculate Payroll","D","US","SKHUBCHA PAYROLL FLOW PATTERN TEST","USA Legislative Data Group","Calculate Payroll300005040233232","","",""
"SKHUBCHA Payroll Flow Pattern Test","Calculate Payroll","FlowTaskSetupTranslation","Calculate Payroll300005040233232,SKHUBCHA PAYROLL FLOW PATTERN TEST","Calculate Payroll","Submit a process to calculate the payroll run results such as the gross to net results.","Calculate Payroll","DK","US","SKHUBCHA PAYROLL FLOW PATTERN TEST","USA Legislative Data Group","Calculate Payroll300005040233232","","",""
"SKHUBCHA Payroll Flow Pattern Test","Calculate Payroll","FlowTaskSetupTranslation","Calculate Payroll300005040233232,SKHUBCHA PAYROLL FLOW PATTERN TEST","Calculate Payroll","Submit a process to calculate the payroll run results such as the gross to net results.","Calculate Payroll","E","US","SKHUBCHA PAYROLL FLOW PATTERN TEST","USA Legislative Data Group","Calculate Payroll300005040233232","","",""
"SKHUBCHA Payroll Flow Pattern Test","Calculate Payroll","FlowTaskSetupTranslation","Calculate Payroll300005040233232,SKHUBCHA PAYROLL FLOW PATTERN TEST","Calculate Payroll","Submit a process to calculate the payroll run results such as the gross to net results.","Calculate Payroll","F","US","SKHUBCHA PAYROLL FLOW PATTERN TEST","USA Legislative Data Group","Calculate Payroll300005040233232","","",""
"SKHUBCHA Payroll Flow Pattern Test","Calculate Payroll","FlowTaskSetupTranslation","Calculate Payroll300005040233232,SKHUBCHA PAYROLL FLOW PATTERN TEST","Calculate Payroll","Submit a process to calculate the payroll run results such as the gross to net results.","Calculate Payroll","FRC","US","SKHUBCHA PAYROLL FLOW PATTERN TEST","USA Legislative Data Group","Calculate Payroll300005040233232","","",""
"SKHUBCHA Payroll Flow Pattern Test","Calculate Payroll","FlowTaskSetupTranslation","Calculate Payroll300005040233232,SKHUBCHA PAYROLL FLOW PATTERN TEST","Calculate Payroll","Submit a process to calculate the payroll run results such as the gross to net results.","Calculate Payroll","HU","US","SKHUBCHA PAYROLL FLOW PATTERN TEST","USA Legislative Data Group","Calculate Payroll300005040233232","","",""
"SKHUBCHA Payroll Flow Pattern Test","Calculate Payroll","FlowTaskSetupTranslation","Calculate Payroll300005040233232,SKHUBCHA PAYROLL FLOW PATTERN TEST","Calculate Payroll","Submit a process to calculate the payroll run results such as the gross to net results.","Calculate Payroll","I","US","SKHUBCHA PAYROLL FLOW PATTERN TEST","USA Legislative Data Group","Calculate Payroll300005040233232","","",""
"SKHUBCHA Payroll Flow Pattern Test","Calculate Payroll","FlowTaskSetupTranslation","Calculate Payroll300005040233232,SKHUBCHA PAYROLL FLOW PATTERN TEST","Calculate Payroll","Submit a process to calculate the payroll run results such as the gross to net results.","Calculate Payroll","KO","US","SKHUBCHA PAYROLL FLOW PATTERN TEST","USA Legislative Data Group","Calculate Payroll300005040233232","","",""
"SKHUBCHA Payroll Flow Pattern Test","Calculate Payroll","FlowTaskSetupTranslation","Calculate Payroll300005040233232,SKHUBCHA PAYROLL FLOW PATTERN TEST","Calculate Payroll","Submit a process to calculate the payroll run results such as the gross to net results.","Calculate Payroll","N","US","SKHUBCHA PAYROLL FLOW PATTERN TEST","USA Legislative Data Group","Calculate Payroll300005040233232","","",""
"SKHUBCHA Payroll Flow Pattern Test","Calculate Payroll","FlowTaskSetupTranslation","Calculate Payroll300005040233232,SKHUBCHA PAYROLL FLOW PATTERN TEST","Calculate Payroll","Submit a process to calculate the payroll run results such as the gross to net results.","Calculate Payroll","NL","US","SKHUBCHA PAYROLL FLOW PATTERN TEST","USA Legislative Data Group","Calculate Payroll300005040233232","","",""
"SKHUBCHA Payroll Flow Pattern Test","Calculate Payroll","FlowTaskSetupTranslation","Calculate Payroll300005040233232,SKHUBCHA PAYROLL FLOW PATTERN TEST","Calculate Payroll","Submit a process to calculate the payroll run results such as the gross to net results.","Calculate Payroll","PL","US","SKHUBCHA PAYROLL FLOW PATTERN TEST","USA Legislative Data Group","Calculate Payroll300005040233232","","",""
"SKHUBCHA Payroll Flow Pattern Test","Calculate Payroll","FlowTaskSetupTranslation","Calculate Payroll300005040233232,SKHUBCHA PAYROLL FLOW PATTERN TEST","Calculate Payroll","Submit a process to calculate the payroll run results such as the gross to net results.","Calculate Payroll","PTB","US","SKHUBCHA PAYROLL FLOW PATTERN TEST","USA Legislative Data Group","Calculate Payroll300005040233232","","",""
"SKHUBCHA Payroll Flow Pattern Test","Calculate Payroll","FlowTaskSetupTranslation","Calculate Payroll300005040233232,SKHUBCHA PAYROLL FLOW PATTERN TEST","Calculate Payroll","Submit a process to calculate the payroll run results such as the gross to net results.","Calculate Payroll","RO","US","SKHUBCHA PAYROLL FLOW PATTERN TEST","USA Legislative Data Group","Calculate Payroll300005040233232","","",""
"SKHUBCHA Payroll Flow Pattern Test","Calculate Payroll","FlowTaskSetupTranslation","Calculate Payroll300005040233232,SKHUBCHA PAYROLL FLOW PATTERN TEST","Calculate Payroll","Submit a process to calculate the payroll run results such as the gross to net results.","Calculate Payroll","S","US","SKHUBCHA PAYROLL FLOW PATTERN TEST","USA Legislative Data Group","Calculate Payroll300005040233232","","",""
"SKHUBCHA Payroll Flow Pattern Test","Calculate Payroll","FlowTaskSetupTranslation","Calculate Payroll300005040233232,SKHUBCHA PAYROLL FLOW PATTERN TEST","Calculate Payroll","Submit a process to calculate the payroll run results such as the gross to net results.","Calculate Payroll","SF","US","SKHUBCHA PAYROLL FLOW PATTERN TEST","USA Legislative Data Group","Calculate Payroll300005040233232","","",""
"SKHUBCHA Payroll Flow Pattern Test","Calculate Payroll","FlowTaskSetupTranslation","Calculate Payroll300005040233232,SKHUBCHA PAYROLL FLOW PATTERN TEST","Calculate Payroll","Submit a process to calculate the payroll run results such as the gross to net results.","Calculate Payroll","TH","US","SKHUBCHA PAYROLL FLOW PATTERN TEST","USA Legislative Data Group","Calculate Payroll300005040233232","","",""
"SKHUBCHA Payroll Flow Pattern Test","Calculate Payroll","FlowTaskSetupTranslation","Calculate Payroll300005040233232,SKHUBCHA PAYROLL FLOW PATTERN TEST","Calculate Payroll","Submit a process to calculate the payroll run results such as the gross to net results.","Calculate Payroll","TR","US","SKHUBCHA PAYROLL FLOW PATTERN TEST","USA Legislative Data Group","Calculate Payroll300005040233232","","",""
"SKHUBCHA Payroll Flow Pattern Test","Calculate Payroll","FlowTaskSetupTranslation","Calculate Payroll300005040233232,SKHUBCHA PAYROLL FLOW PATTERN TEST","Calculate Payroll","Submit a process to calculate the payroll run results such as the gross to net results.","Calculate Payroll","US","US","SKHUBCHA PAYROLL FLOW PATTERN TEST","USA Legislative Data Group","Calculate Payroll300005040233232","","",""
"SKHUBCHA Payroll Flow Pattern Test","Calculate Payroll","FlowTaskSetupTranslation","Calculate Payroll300005040233232,SKHUBCHA PAYROLL FLOW PATTERN TEST","Calculate Payroll","Submit a process to calculate the payroll run results such as the gross to net results.","Calculate Payroll","VN","US","SKHUBCHA PAYROLL FLOW PATTERN TEST","USA Legislative Data Group","Calculate Payroll300005040233232","","",""
"SKHUBCHA Payroll Flow Pattern Test","Calculate Payroll","FlowTaskSetupTranslation","Calculate Payroll300005040233232,SKHUBCHA PAYROLL FLOW PATTERN TEST","Calculate Payroll","Submit a process to calculate the payroll run results such as the gross to net results.","Calculate Payroll","ZHS","US","SKHUBCHA PAYROLL FLOW PATTERN TEST","USA Legislative Data Group","Calculate Payroll300005040233232","","",""
"SKHUBCHA Payroll Flow Pattern Test","Calculate Payroll","FlowTaskSetupTranslation","Calculate Payroll300005040233232,SKHUBCHA PAYROLL FLOW PATTERN TEST","Calculate Payroll","Submit a process to calculate the payroll run results such as the gross to net results.","Calculate Payroll","ZHT","US","SKHUBCHA PAYROLL FLOW PATTERN TEST","USA Legislative Data Group","Calculate Payroll300005040233232","","",""
"SKHUBCHA Payroll Flow Pattern Test","Calculate Payroll for Late Hire","FlowTaskSetupTranslation","Calculate Payroll for Late Hire300005040233260,SKHUBCHA PAYROLL FLOW PATTERN TEST","Calculate Payroll for Late Hire"," ","Calculate Payroll for Late Hire","CS","US","SKHUBCHA PAYROLL FLOW PATTERN TEST","USA Legislative Data Group","Calculate Payroll for Late Hire300005040233260","","",""
"SKHUBCHA Payroll Flow Pattern Test","Calculate Payroll for Late Hire","FlowTaskSetupTranslation","Calculate Payroll for Late Hire300005040233260,SKHUBCHA PAYROLL FLOW PATTERN TEST","Calculate Payroll for Late Hire"," ","Calculate Payroll for Late Hire","D","US","SKHUBCHA PAYROLL FLOW PATTERN TEST","USA Legislative Data Group","Calculate Payroll for Late Hire300005040233260","","",""
"SKHUBCHA Payroll Flow Pattern Test","Calculate Payroll for Late Hire","FlowTaskSetupTranslation","Calculate Payroll for Late Hire300005040233260,SKHUBCHA PAYROLL FLOW PATTERN TEST","Calculate Payroll for Late Hire"," ","Calculate Payroll for Late Hire","DK","US","SKHUBCHA PAYROLL FLOW PATTERN TEST","USA Legislative Data Group","Calculate Payroll for Late Hire300005040233260","","",""
"SKHUBCHA Payroll Flow Pattern Test","Calculate Payroll for Late Hire","FlowTaskSetupTranslation","Calculate Payroll for Late Hire300005040233260,SKHUBCHA PAYROLL FLOW PATTERN TEST","Calculate Payroll for Late Hire"," ","Calculate Payroll for Late Hire","E","US","SKHUBCHA PAYROLL FLOW PATTERN TEST","USA Legislative Data Group","Calculate Payroll for Late Hire300005040233260","","",""
"SKHUBCHA Payroll Flow Pattern Test","Calculate Payroll for Late Hire","FlowTaskSetupTranslation","Calculate Payroll for Late Hire300005040233260,SKHUBCHA PAYROLL FLOW PATTERN TEST","Calculate Payroll for Late Hire"," ","Calculate Payroll for Late Hire","F","US","SKHUBCHA PAYROLL FLOW PATTERN TEST","USA Legislative Data Group","Calculate Payroll for Late Hire300005040233260","","",""
"SKHUBCHA Payroll Flow Pattern Test","Calculate Payroll for Late Hire","FlowTaskSetupTranslation","Calculate Payroll for Late Hire300005040233260,SKHUBCHA PAYROLL FLOW PATTERN TEST","Calculate Payroll for Late Hire"," ","Calculate Payroll for Late Hire","FRC","US","SKHUBCHA PAYROLL FLOW PATTERN TEST","USA Legislative Data Group","Calculate Payroll for Late Hire300005040233260","","",""
"SKHUBCHA Payroll Flow Pattern Test","Calculate Payroll for Late Hire","FlowTaskSetupTranslation","Calculate Payroll for Late Hire300005040233260,SKHUBCHA PAYROLL FLOW PATTERN TEST","Calculate Payroll for Late Hire"," ","Calculate Payroll for Late Hire","HU","US","SKHUBCHA PAYROLL FLOW PATTERN TEST","USA Legislative Data Group","Calculate Payroll for Late Hire300005040233260","","",""
"SKHUBCHA Payroll Flow Pattern Test","Calculate Payroll for Late Hire","FlowTaskSetupTranslation","Calculate Payroll for Late Hire300005040233260,SKHUBCHA PAYROLL FLOW PATTERN TEST","Calculate Payroll for Late Hire"," ","Calculate Payroll for Late Hire","I","US","SKHUBCHA PAYROLL FLOW PATTERN TEST","USA Legislative Data Group","Calculate Payroll for Late Hire300005040233260","","",""
"SKHUBCHA Payroll Flow Pattern Test","Calculate Payroll for Late Hire","FlowTaskSetupTranslation","Calculate Payroll for Late Hire300005040233260,SKHUBCHA PAYROLL FLOW PATTERN TEST","Calculate Payroll for Late Hire"," ","Calculate Payroll for Late Hire","KO","US","SKHUBCHA PAYROLL FLOW PATTERN TEST","USA Legislative Data Group","Calculate Payroll for Late Hire300005040233260","","",""
"SKHUBCHA Payroll Flow Pattern Test","Calculate Payroll for Late Hire","FlowTaskSetupTranslation","Calculate Payroll for Late Hire300005040233260,SKHUBCHA PAYROLL FLOW PATTERN TEST","Calculate Payroll for Late Hire"," ","Calculate Payroll for Late Hire","N","US","SKHUBCHA PAYROLL FLOW PATTERN TEST","USA Legislative Data Group","Calculate Payroll for Late Hire300005040233260","","",""
"SKHUBCHA Payroll Flow Pattern Test","Calculate Payroll for Late Hire","FlowTaskSetupTranslation","Calculate Payroll for Late Hire300005040233260,SKHUBCHA PAYROLL FLOW PATTERN TEST","Calculate Payroll for Late Hire"," ","Calculate Payroll for Late Hire","NL","US","SKHUBCHA PAYROLL FLOW PATTERN TEST","USA Legislative Data Group","Calculate Payroll for Late Hire300005040233260","","",""
"SKHUBCHA Payroll Flow Pattern Test","Calculate Payroll for Late Hire","FlowTaskSetupTranslation","Calculate Payroll for Late Hire300005040233260,SKHUBCHA PAYROLL FLOW PATTERN TEST","Calculate Payroll for Late Hire"," ","Calculate Payroll for Late Hire","PL","US","SKHUBCHA PAYROLL FLOW PATTERN TEST","USA Legislative Data Group","Calculate Payroll for Late Hire300005040233260","","",""
"SKHUBCHA Payroll Flow Pattern Test","Calculate Payroll for Late Hire","FlowTaskSetupTranslation","Calculate Payroll for Late Hire300005040233260,SKHUBCHA PAYROLL FLOW PATTERN TEST","Calculate Payroll for Late Hire"," ","Calculate Payroll for Late Hire","PTB","US","SKHUBCHA PAYROLL FLOW PATTERN TEST","USA Legislative Data Group","Calculate Payroll for Late Hire300005040233260","","",""
"SKHUBCHA Payroll Flow Pattern Test","Calculate Payroll for Late Hire","FlowTaskSetupTranslation","Calculate Payroll for Late Hire300005040233260,SKHUBCHA PAYROLL FLOW PATTERN TEST","Calculate Payroll for Late Hire"," ","Calculate Payroll for Late Hire","RO","US","SKHUBCHA PAYROLL FLOW PATTERN TEST","USA Legislative Data Group","Calculate Payroll for Late Hire300005040233260","","",""
"SKHUBCHA Payroll Flow Pattern Test","Calculate Payroll for Late Hire","FlowTaskSetupTranslation","Calculate Payroll for Late Hire300005040233260,SKHUBCHA PAYROLL FLOW PATTERN TEST","Calculate Payroll for Late Hire"," ","Calculate Payroll for Late Hire","S","US","SKHUBCHA PAYROLL FLOW PATTERN TEST","USA Legislative Data Group","Calculate Payroll for Late Hire300005040233260","","",""
"SKHUBCHA Payroll Flow Pattern Test","Calculate Payroll for Late Hire","FlowTaskSetupTranslation","Calculate Payroll for Late Hire300005040233260,SKHUBCHA PAYROLL FLOW PATTERN TEST","Calculate Payroll for Late Hire"," ","Calculate Payroll for Late Hire","SF","US","SKHUBCHA PAYROLL FLOW PATTERN TEST","USA Legislative Data Group","Calculate Payroll for Late Hire300005040233260","","",""
"SKHUBCHA Payroll Flow Pattern Test","Calculate Payroll for Late Hire","FlowTaskSetupTranslation","Calculate Payroll for Late Hire300005040233260,SKHUBCHA PAYROLL FLOW PATTERN TEST","Calculate Payroll for Late Hire"," ","Calculate Payroll for Late Hire","TH","US","SKHUBCHA PAYROLL FLOW PATTERN TEST","USA Legislative Data Group","Calculate Payroll for Late Hire300005040233260","","",""
"SKHUBCHA Payroll Flow Pattern Test","Calculate Payroll for Late Hire","FlowTaskSetupTranslation","Calculate Payroll for Late Hire300005040233260,SKHUBCHA PAYROLL FLOW PATTERN TEST","Calculate Payroll for Late Hire"," ","Calculate Payroll for Late Hire","TR","US","SKHUBCHA PAYROLL FLOW PATTERN TEST","USA Legislative Data Group","Calculate Payroll for Late Hire300005040233260","","",""
"SKHUBCHA Payroll Flow Pattern Test","Calculate Payroll for Late Hire","FlowTaskSetupTranslation","Calculate Payroll for Late Hire300005040233260,SKHUBCHA PAYROLL FLOW PATTERN TEST","Calculate Payroll for Late Hire"," ","Calculate Payroll for Late Hire","US","US","SKHUBCHA PAYROLL FLOW PATTERN TEST","USA Legislative Data Group","Calculate Payroll for Late Hire300005040233260","","",""
"SKHUBCHA Payroll Flow Pattern Test","Calculate Payroll for Late Hire","FlowTaskSetupTranslation","Calculate Payroll for Late Hire300005040233260,SKHUBCHA PAYROLL FLOW PATTERN TEST","Calculate Payroll for Late Hire"," ","Calculate Payroll for Late Hire","VN","US","SKHUBCHA PAYROLL FLOW PATTERN TEST","USA Legislative Data Group","Calculate Payroll for Late Hire300005040233260","","",""
"SKHUBCHA Payroll Flow Pattern Test","Calculate Payroll for Late Hire","FlowTaskSetupTranslation","Calculate Payroll for Late Hire300005040233260,SKHUBCHA PAYROLL FLOW PATTERN TEST","Calculate Payroll for Late Hire"," ","Calculate Payroll for Late Hire","ZHS","US","SKHUBCHA PAYROLL FLOW PATTERN TEST","USA Legislative Data Group","Calculate Payroll for Late Hire300005040233260","","",""
"SKHUBCHA Payroll Flow Pattern Test","Calculate Payroll for Late Hire","FlowTaskSetupTranslation","Calculate Payroll for Late Hire300005040233260,SKHUBCHA PAYROLL FLOW PATTERN TEST","Calculate Payroll for Late Hire"," ","Calculate Payroll for Late Hire","ZHT","US","SKHUBCHA PAYROLL FLOW PATTERN TEST","USA Legislative Data Group","Calculate Payroll for Late Hire300005040233260","","",""
"SKHUBCHA Payroll Flow Pattern Test","Calculate Payroll for Single Employee","FlowTaskSetupTranslation","Calculate Payroll for Single Employee300005040233277,SKHUBCHA PAYROLL FLOW PATTERN TEST","Calculate Payroll for Single Employee","Calculate Payroll for Single Employee","Calculate Payroll for Single Employee","CS","US","SKHUBCHA PAYROLL FLOW PATTERN TEST","USA Legislative Data Group","Calculate Payroll for Single Employee300005040233277","","",""
"SKHUBCHA Payroll Flow Pattern Test","Calculate Payroll for Single Employee","FlowTaskSetupTranslation","Calculate Payroll for Single Employee300005040233277,SKHUBCHA PAYROLL FLOW PATTERN TEST","Calculate Payroll for Single Employee","Calculate Payroll for Single Employee","Calculate Payroll for Single Employee","D","US","SKHUBCHA PAYROLL FLOW PATTERN TEST","USA Legislative Data Group","Calculate Payroll for Single Employee300005040233277","","",""
"SKHUBCHA Payroll Flow Pattern Test","Calculate Payroll for Single Employee","FlowTaskSetupTranslation","Calculate Payroll for Single Employee300005040233277,SKHUBCHA PAYROLL FLOW PATTERN TEST","Calculate Payroll for Single Employee","Calculate Payroll for Single Employee","Calculate Payroll for Single Employee","DK","US","SKHUBCHA PAYROLL FLOW PATTERN TEST","USA Legislative Data Group","Calculate Payroll for Single Employee300005040233277","","",""
"SKHUBCHA Payroll Flow Pattern Test","Calculate Payroll for Single Employee","FlowTaskSetupTranslation","Calculate Payroll for Single Employee300005040233277,SKHUBCHA PAYROLL FLOW PATTERN TEST","Calculate Payroll for Single Employee","Calculate Payroll for Single Employee","Calculate Payroll for Single Employee","E","US","SKHUBCHA PAYROLL FLOW PATTERN TEST","USA Legislative Data Group","Calculate Payroll for Single Employee300005040233277","","",""
"SKHUBCHA Payroll Flow Pattern Test","Calculate Payroll for Single Employee","FlowTaskSetupTranslation","Calculate Payroll for Single Employee300005040233277,SKHUBCHA PAYROLL FLOW PATTERN TEST","Calculate Payroll for Single Employee","Calculate Payroll for Single Employee","Calculate Payroll for Single Employee","F","US","SKHUBCHA PAYROLL FLOW PATTERN TEST","USA Legislative Data Group","Calculate Payroll for Single Employee300005040233277","","",""
"SKHUBCHA Payroll Flow Pattern Test","Calculate Payroll for Single Employee","FlowTaskSetupTranslation","Calculate Payroll for Single Employee300005040233277,SKHUBCHA PAYROLL FLOW PATTERN TEST","Calculate Payroll for Single Employee","Calculate Payroll for Single Employee","Calculate Payroll for Single Employee","FRC","US","SKHUBCHA PAYROLL FLOW PATTERN TEST","USA Legislative Data Group","Calculate Payroll for Single Employee300005040233277","","",""
"SKHUBCHA Payroll Flow Pattern Test","Calculate Payroll for Single Employee","FlowTaskSetupTranslation","Calculate Payroll for Single Employee300005040233277,SKHUBCHA PAYROLL FLOW PATTERN TEST","Calculate Payroll for Single Employee","Calculate Payroll for Single Employee","Calculate Payroll for Single Employee","HU","US","SKHUBCHA PAYROLL FLOW PATTERN TEST","USA Legislative Data Group","Calculate Payroll for Single Employee300005040233277","","",""
"SKHUBCHA Payroll Flow Pattern Test","Calculate Payroll for Single Employee","FlowTaskSetupTranslation","Calculate Payroll for Single Employee300005040233277,SKHUBCHA PAYROLL FLOW PATTERN TEST","Calculate Payroll for Single Employee","Calculate Payroll for Single Employee","Calculate Payroll for Single Employee","I","US","SKHUBCHA PAYROLL FLOW PATTERN TEST","USA Legislative Data Group","Calculate Payroll for Single Employee300005040233277","","",""
"SKHUBCHA Payroll Flow Pattern Test","Calculate Payroll for Single Employee","FlowTaskSetupTranslation","Calculate Payroll for Single Employee300005040233277,SKHUBCHA PAYROLL FLOW PATTERN TEST","Calculate Payroll for Single Employee","Calculate Payroll for Single Employee","Calculate Payroll for Single Employee","KO","US","SKHUBCHA PAYROLL FLOW PATTERN TEST","USA Legislative Data Group","Calculate Payroll for Single Employee300005040233277","","",""
"SKHUBCHA Payroll Flow Pattern Test","Calculate Payroll for Single Employee","FlowTaskSetupTranslation","Calculate Payroll for Single Employee300005040233277,SKHUBCHA PAYROLL FLOW PATTERN TEST","Calculate Payroll for Single Employee","Calculate Payroll for Single Employee","Calculate Payroll for Single Employee","N","US","SKHUBCHA PAYROLL FLOW PATTERN TEST","USA Legislative Data Group","Calculate Payroll for Single Employee300005040233277","","",""
"SKHUBCHA Payroll Flow Pattern Test","Calculate Payroll for Single Employee","FlowTaskSetupTranslation","Calculate Payroll for Single Employee300005040233277,SKHUBCHA PAYROLL FLOW PATTERN TEST","Calculate Payroll for Single Employee","Calculate Payroll for Single Employee","Calculate Payroll for Single Employee","NL","US","SKHUBCHA PAYROLL FLOW PATTERN TEST","USA Legislative Data Group","Calculate Payroll for Single Employee300005040233277","","",""
"SKHUBCHA Payroll Flow Pattern Test","Calculate Payroll for Single Employee","FlowTaskSetupTranslation","Calculate Payroll for Single Employee300005040233277,SKHUBCHA PAYROLL FLOW PATTERN TEST","Calculate Payroll for Single Employee","Calculate Payroll for Single Employee","Calculate Payroll for Single Employee","PL","US","SKHUBCHA PAYROLL FLOW PATTERN TEST","USA Legislative Data Group","Calculate Payroll for Single Employee300005040233277","","",""
"SKHUBCHA Payroll Flow Pattern Test","Calculate Payroll for Single Employee","FlowTaskSetupTranslation","Calculate Payroll for Single Employee300005040233277,SKHUBCHA PAYROLL FLOW PATTERN TEST","Calculate Payroll for Single Employee","Calculate Payroll for Single Employee","Calculate Payroll for Single Employee","PTB","US","SKHUBCHA PAYROLL FLOW PATTERN TEST","USA Legislative Data Group","Calculate Payroll for Single Employee300005040233277","","",""
"SKHUBCHA Payroll Flow Pattern Test","Calculate Payroll for Single Employee","FlowTaskSetupTranslation","Calculate Payroll for Single Employee300005040233277,SKHUBCHA PAYROLL FLOW PATTERN TEST","Calculate Payroll for Single Employee","Calculate Payroll for Single Employee","Calculate Payroll for Single Employee","RO","US","SKHUBCHA PAYROLL FLOW PATTERN TEST","USA Legislative Data Group","Calculate Payroll for Single Employee300005040233277","","",""
"SKHUBCHA Payroll Flow Pattern Test","Calculate Payroll for Single Employee","FlowTaskSetupTranslation","Calculate Payroll for Single Employee300005040233277,SKHUBCHA PAYROLL FLOW PATTERN TEST","Calculate Payroll for Single Employee","Calculate Payroll for Single Employee","Calculate Payroll for Single Employee","S","US","SKHUBCHA PAYROLL FLOW PATTERN TEST","USA Legislative Data Group","Calculate Payroll for Single Employee300005040233277","","",""
"SKHUBCHA Payroll Flow Pattern Test","Calculate Payroll for Single Employee","FlowTaskSetupTranslation","Calculate Payroll for Single Employee300005040233277,SKHUBCHA PAYROLL FLOW PATTERN TEST","Calculate Payroll for Single Employee","Calculate Payroll for Single Employee","Calculate Payroll for Single Employee","SF","US","SKHUBCHA PAYROLL FLOW PATTERN TEST","USA Legislative Data Group","Calculate Payroll for Single Employee300005040233277","","",""
"SKHUBCHA Payroll Flow Pattern Test","Calculate Payroll for Single Employee","FlowTaskSetupTranslation","Calculate Payroll for Single Employee300005040233277,SKHUBCHA PAYROLL FLOW PATTERN TEST","Calculate Payroll for Single Employee","Calculate Payroll for Single Employee","Calculate Payroll for Single Employee","TH","US","SKHUBCHA PAYROLL FLOW PATTERN TEST","USA Legislative Data Group","Calculate Payroll for Single Employee300005040233277","","",""
"SKHUBCHA Payroll Flow Pattern Test","Calculate Payroll for Single Employee","FlowTaskSetupTranslation","Calculate Payroll for Single Employee300005040233277,SKHUBCHA PAYROLL FLOW PATTERN TEST","Calculate Payroll for Single Employee","Calculate Payroll for Single Employee","Calculate Payroll for Single Employee","TR","US","SKHUBCHA PAYROLL FLOW PATTERN TEST","USA Legislative Data Group","Calculate Payroll for Single Employee300005040233277","","",""
"SKHUBCHA Payroll Flow Pattern Test","Calculate Payroll for Single Employee","FlowTaskSetupTranslation","Calculate Payroll for Single Employee300005040233277,SKHUBCHA PAYROLL FLOW PATTERN TEST","Calculate Payroll for Single Employee","Calculate Payroll for Single Employee","Calculate Payroll for Single Employee","US","US","SKHUBCHA PAYROLL FLOW PATTERN TEST","USA Legislative Data Group","Calculate Payroll for Single Employee300005040233277","","",""
"SKHUBCHA Payroll Flow Pattern Test","Calculate Payroll for Single Employee","FlowTaskSetupTranslation","Calculate Payroll for Single Employee300005040233277,SKHUBCHA PAYROLL FLOW PATTERN TEST","Calculate Payroll for Single Employee","Calculate Payroll for Single Employee","Calculate Payroll for Single Employee","VN","US","SKHUBCHA PAYROLL FLOW PATTERN TEST","USA Legislative Data Group","Calculate Payroll for Single Employee300005040233277","","",""
"SKHUBCHA Payroll Flow Pattern Test","Calculate Payroll for Single Employee","FlowTaskSetupTranslation","Calculate Payroll for Single Employee300005040233277,SKHUBCHA PAYROLL FLOW PATTERN TEST","Calculate Payroll for Single Employee","Calculate Payroll for Single Employee","Calculate Payroll for Single Employee","ZHS","US","SKHUBCHA PAYROLL FLOW PATTERN TEST","USA Legislative Data Group","Calculate Payroll for Single Employee300005040233277","","",""
"SKHUBCHA Payroll Flow Pattern Test","Calculate Payroll for Single Employee","FlowTaskSetupTranslation","Calculate Payroll for Single Employee300005040233277,SKHUBCHA PAYROLL FLOW PATTERN TEST","Calculate Payroll for Single Employee","Calculate Payroll for Single Employee","Calculate Payroll for Single Employee","ZHT","US","SKHUBCHA PAYROLL FLOW PATTERN TEST","USA Legislative Data Group","Calculate Payroll for Single Employee300005040233277","","",""
