"FlowName","BaseFlowTaskName","ParameterName","TaskName","TaskParameterName","TaskActionName","ViewInstanceName","GroupingKey","BaseParameterName","DefaultType","Description","DisplayFlag","LegislationCode","ParamDispType","ParamLookup","ParamSequence","ParamUsageType","BaseFlowParameterName","LegislativeDataGroupName","BindFlowTaskBaseFlowTaskName","BindFlowTaskBaseFlowTaskParameterName","BindFlowTaskTaskName","BindFlowTaskTaskActionName","BindFlowTaskTaskParameterName","FlowParameterFlowName","BindFlowTaskFlowName","DefaultValBaseFlowParameterName","DefaultValFlowParameterFlowName","DefaultValBaseFlowTaskName","DefaultValBaseFlowTaskParameterName","DefaultValFlowName","DefaultValTaskParameterName","DefaultValTaskActionName","DefaultValTaskName","DefaultValDup","BaseFlowParameterId","BaseFlowTaskId","BaseTaskParameterId","DefaultVal","FlowTaskParamId","LegislativeDataGroupId","ParamValueSet","BindFlowTaskBaseTaskParameterId","DefaultValBaseTaskParameterId"
"SKHUBCHA Payroll Flow Pattern Test","Calculate Payroll for Single Employee300005040233277","Consolidation Set","Calculate Payroll for Single Employee","Consolidation Set","Submit","FlowTaskParameterSetup","Calculate Payroll for Single Employee300005040233277,Consolidation Set,Submit,Calculate Payroll for Single Employee,CONSOLIDATION_GROUP,SKHUBCHA Payroll Flow Pattern Test","CONSOLIDATION_GROUP","BIND_FLOW","","Y","","LOV","oracle.apps.hcm.payrolls.core.publicView.ConsolidationSetPVO","3","INPUT","","USA Legislative Data Group","","","","","","","","","","","","","","","","","#null","","","#null","","","#null","#null","#null"
"SKHUBCHA Payroll Flow Pattern Test","Calculate Payroll for Late Hire300005040233260","Process Configuration Group","Calculate Payroll for Late Hire","Process Configuration Group","Submit","FlowTaskParameterSetup","Calculate Payroll for Late Hire300005040233260,Process Configuration Group,Submit,Calculate Payroll for Late Hire,PROCESS_CONFIGURATION_GROUP,SKHUBCHA Payroll Flow Pattern Test","PROCESS_CONFIGURATION_GROUP","","","Y","","LOV","oracle.apps.hcm.batchProcesses.core.publicView.ActionParameterGroupPVO","90","INPUT","","USA Legislative Data Group","","","","","","","","","","","","","","","","","#null","","","#null","","","#null","#null","#null"
"SKHUBCHA Payroll Flow Pattern Test","Calculate Payroll for Late Hire300005040233260","Payroll Relationship","Calculate Payroll for Late Hire","Payroll Relationship","Submit","FlowTaskParameterSetup","Calculate Payroll for Late Hire300005040233260,Payroll Relationship,Submit,Calculate Payroll for Late Hire,PAYROLL_RELATIONSHIP,SKHUBCHA Payroll Flow Pattern Test","PAYROLL_RELATIONSHIP","BIND_FLOW","","M","","LOV","","10","INPUT","","USA Legislative Data Group","","","","","","","","","","","","","","","","","#null","","","#null","","","#null","#null","#null"
"SKHUBCHA Payroll Flow Pattern Test","Calculate Payroll for Late Hire300005040233260","Payroll","Calculate Payroll for Late Hire","Payroll","Submit","FlowTaskParameterSetup","Calculate Payroll for Late Hire300005040233260,Payroll,Submit,Calculate Payroll for Late Hire,PAYROLL,SKHUBCHA Payroll Flow Pattern Test","PAYROLL","BIND_FLOW","","M","","LOV","oracle.apps.hcm.payrolls.core.publicView.PayrollDPVO","20","INPUT","","USA Legislative Data Group","","","","","","","","","","","","","","","","","#null","","","#null","","","#null","#null","#null"
"SKHUBCHA Payroll Flow Pattern Test","Calculate Payroll for Late Hire300005040233260","Element Set","Calculate Payroll for Late Hire","Element Set","Submit","FlowTaskParameterSetup","Calculate Payroll for Late Hire300005040233260,Element Set,Submit,Calculate Payroll for Late Hire,ELEMENT_SET,SKHUBCHA Payroll Flow Pattern Test","ELEMENT_SET","BIND_FLOW","","N","","N","","80","INPUT","","USA Legislative Data Group","","","","","","","","","","","","","","","","","#null","","","#null","","","#null","#null","#null"
"SKHUBCHA Payroll Flow Pattern Test","Calculate Payroll for Late Hire300005040233260","Process Date","Calculate Payroll for Late Hire","Process Date","Submit","FlowTaskParameterSetup","Calculate Payroll for Late Hire300005040233260,Process Date,Submit,Calculate Payroll for Late Hire,EFFECTIVE_DATE,SKHUBCHA Payroll Flow Pattern Test","EFFECTIVE_DATE","BIND_FLOW","","M","","D","","40","INPUT","","USA Legislative Data Group","","","","","","","","","","","","","","","","","#null","","","#null","","","#null","#null","#null"
"SKHUBCHA Payroll Flow Pattern Test","Calculate Payroll for Late Hire300005040233260","Date Earned","Calculate Payroll for Late Hire","Date Earned","Submit","FlowTaskParameterSetup","Calculate Payroll for Late Hire300005040233260,Date Earned,Submit,Calculate Payroll for Late Hire,DATE_EARNED,SKHUBCHA Payroll Flow Pattern Test","DATE_EARNED","BIND_FLOW","","M","","D","","50","INPUT","","USA Legislative Data Group","","","","","","","","","","","","","","","","","#null","","","#null","","","#null","#null","#null"
"SKHUBCHA Payroll Flow Pattern Test","Calculate Payroll300005040233232","Run Type","Calculate Payroll","Run Type","Submit","FlowTaskParameterSetup","Calculate Payroll300005040233232,Run Type,Submit,Calculate Payroll,RUN_TYPE,SKHUBCHA Payroll Flow Pattern Test","RUN_TYPE","BIND_FLOW","The method used to process, tax, and pay elements.","M","","L","oracle.apps.hcm.processFlows.core.protectedUiModel.view.RuntypeLookupVO","6","INPUT","","USA Legislative Data Group","","","","","","","","","","","","","","","","","#null","","","#null","","","#null","#null","#null"
"SKHUBCHA Payroll Flow Pattern Test","Calculate Payroll300005040233232","Payroll Relationship Group","Calculate Payroll","Payroll Relationship Group","Submit","FlowTaskParameterSetup","Calculate Payroll300005040233232,Payroll Relationship Group,Submit,Calculate Payroll,PAYROLL_RELATIONSHIP_GROUP,SKHUBCHA Payroll Flow Pattern Test","PAYROLL_RELATIONSHIP_GROUP","BIND_FLOW","Name of the payroll relationship object group that includes the payroll relationships to process.","Y","","LOV","oracle.apps.hcm.objectGroups.publicView.PayrollRelationshipGroupPVO","7","INPUT","","USA Legislative Data Group","","","","","","","","","","","","","","","","","#null","","","#null","","","#null","#null","#null"
"SKHUBCHA Payroll Flow Pattern Test","Calculate Payroll300005040233232","Payroll Period","Calculate Payroll","Payroll Period","Submit","FlowTaskParameterSetup","Calculate Payroll300005040233232,Payroll Period,Submit,Calculate Payroll,PAYROLL_PERIOD,SKHUBCHA Payroll Flow Pattern Test","PAYROLL_PERIOD","BIND_FLOW","Name of the payroll time period as entered in the payroll definition.","M","","LOV","oracle.apps.hcm.payrolls.core.publicView.TimePeriodPVO","2","INPUT","","USA Legislative Data Group","","","","","","","","","","","","","","","","","#null","","","#null","","","#null","#null","#null"
"SKHUBCHA Payroll Flow Pattern Test","Calculate Payroll300005040233232","Payroll","Calculate Payroll","Payroll","Submit","FlowTaskParameterSetup","Calculate Payroll300005040233232,Payroll,Submit,Calculate Payroll,PAYROLL,SKHUBCHA Payroll Flow Pattern Test","PAYROLL","BIND_FLOW","Name of the payroll as entered in the payroll definition.","M","","LOV","oracle.apps.hcm.payrolls.core.publicView.PayrollDPVO","1","INPUT","","USA Legislative Data Group","","","","","","","","","","","","","","","","","#null","","","#null","","","#null","#null","#null"
"SKHUBCHA Payroll Flow Pattern Test","Calculate Payroll300005040233232","Element Group","Calculate Payroll","Element Group","Submit","FlowTaskParameterSetup","Calculate Payroll300005040233232,Element Group,Submit,Calculate Payroll,ELEMENT_GROUP,SKHUBCHA Payroll Flow Pattern Test","ELEMENT_GROUP","BIND_FLOW","Name of element group to process a payroll run.","Y","","LOV","oracle.apps.hcm.objectGroups.publicView.ElementGroupPVO","8","INPUT","","USA Legislative Data Group","","","","","","","","","","","","","","","","","#null","","","#null","","","#null","#null","#null"
"SKHUBCHA Payroll Flow Pattern Test","Calculate Payroll300005040233232","Process Date","Calculate Payroll","Process Date","Submit","FlowTaskParameterSetup","Calculate Payroll300005040233232,Process Date,Submit,Calculate Payroll,EFFECTIVE_DATE,SKHUBCHA Payroll Flow Pattern Test","EFFECTIVE_DATE","BIND_FLOW","","M","","D","","3","INPUT","","USA Legislative Data Group","","","","","","","","","","","","","","","","","#null","","","#null","","","#null","#null","#null"
"SKHUBCHA Payroll Flow Pattern Test","Calculate Payroll300005040233232","Date Earned","Calculate Payroll","Date Earned","Submit","FlowTaskParameterSetup","Calculate Payroll300005040233232,Date Earned,Submit,Calculate Payroll,DATE_EARNED,SKHUBCHA Payroll Flow Pattern Test","DATE_EARNED","BIND_FLOW","Date used to identify the element entries to include in the payroll run.","Y","","D","","4","INPUT","","USA Legislative Data Group","","","","","","","","","","","","","","","","","#null","","","#null","","","#null","#null","#null"
"SKHUBCHA Payroll Flow Pattern Test","Calculate Payroll300005040233232","Consolidation Group","Calculate Payroll","Consolidation Group","Submit","FlowTaskParameterSetup","Calculate Payroll300005040233232,Consolidation Group,Submit,Calculate Payroll,CONSOLIDATION_GROUP,SKHUBCHA Payroll Flow Pattern Test","CONSOLIDATION_GROUP","BIND_FLOW","Grouping of payrolls used to control payroll processing. A default consolidation group is assigned to each payroll.","Y","","LOV","oracle.apps.hcm.payrolls.core.publicView.ConsolidationSetPVO","5","INPUT","","USA Legislative Data Group","","","","","","","","","","","","","","","","","#null","","","#null","","","#null","#null","#null"
"SKHUBCHA Payroll Flow Pattern Test","Calculate Payroll for Single Employee300005040233277","Run Type","Calculate Payroll for Single Employee","Run Type","Submit","FlowTaskParameterSetup","Calculate Payroll for Single Employee300005040233277,Run Type,Submit,Calculate Payroll for Single Employee,RUN_TYPE,SKHUBCHA Payroll Flow Pattern Test","RUN_TYPE","BIND_FLOW","The method used to process, tax, and pay elements.","M","","L","oracle.apps.hcm.processFlows.core.protectedUiModel.view.RuntypeLookupVO","6","INPUT","","USA Legislative Data Group","","","","","","","","","","","","","","","","","#null","","","#null","","","#null","#null","#null"
"SKHUBCHA Payroll Flow Pattern Test","Calculate Payroll for Single Employee300005040233277","Payroll Relationship Id","Calculate Payroll for Single Employee","Payroll Relationship Id","Submit","FlowTaskParameterSetup","Calculate Payroll for Single Employee300005040233277,Payroll Relationship Id,Submit,Calculate Payroll for Single Employee,PAYROLL_RELATIONSHIP_ID,SKHUBCHA Payroll Flow Pattern Test","PAYROLL_RELATIONSHIP_ID","BIND_FLOW","Payroll Relationship Id","M","","LOV","oracle.apps.hcm.common.pay.publicView.parameters.QuickPayRelationshipVO","1","INPUT","","USA Legislative Data Group","","","","","","","","","","","","","","","","","#null","","","#null","","","#null","#null","#null"
"SKHUBCHA Payroll Flow Pattern Test","Calculate Payroll for Single Employee300005040233277","Payroll","Calculate Payroll for Single Employee","Payroll","Submit","FlowTaskParameterSetup","Calculate Payroll for Single Employee300005040233277,Payroll,Submit,Calculate Payroll for Single Employee,PAYROLL,SKHUBCHA Payroll Flow Pattern Test","PAYROLL","BIND_FLOW","Name of the payroll as entered in the payroll definition.","M","","LOV","oracle.apps.hcm.payrolls.core.publicView.PayrollDPVO","2","INPUT","","USA Legislative Data Group","","","","","","","","","","","","","","","","","#null","","","#null","","","#null","#null","#null"
"SKHUBCHA Payroll Flow Pattern Test","Calculate Payroll for Single Employee300005040233277","Effective Date","Calculate Payroll for Single Employee","Effective Date","Submit","FlowTaskParameterSetup","Calculate Payroll for Single Employee300005040233277,Effective Date,Submit,Calculate Payroll for Single Employee,EFFECTIVE_DATE,SKHUBCHA Payroll Flow Pattern Test","EFFECTIVE_DATE","BIND_FLOW","","M","","D","","5","INPUT","","USA Legislative Data Group","","","","","","","","","","","","","","","","","#null","","","#null","","","#null","#null","#null"
"SKHUBCHA Payroll Flow Pattern Test","Calculate Payroll for Single Employee300005040233277","Date Earned","Calculate Payroll for Single Employee","Date Earned","Submit","FlowTaskParameterSetup","Calculate Payroll for Single Employee300005040233277,Date Earned,Submit,Calculate Payroll for Single Employee,DATE_EARNED,SKHUBCHA Payroll Flow Pattern Test","DATE_EARNED","BIND_FLOW","Date used to identify the element entries to include in the payroll run.","Y","","D","","4","INPUT","","USA Legislative Data Group","","","","","","","","","","","","","","","","","#null","","","#null","","","#null","#null","#null"
"SKHUBCHA Payroll Flow Pattern Test","Calculate Payroll300005040233232","Process Configuration Group","Calculate Payroll","Process Configuration Group","Submit","FlowTaskParameterSetup","Calculate Payroll300005040233232,Process Configuration Group,Submit,Calculate Payroll,PROCESS_CONFIGURATION_GROUP,SKHUBCHA Payroll Flow Pattern Test","PROCESS_CONFIGURATION_GROUP","POST_SQL","Name of group used to set rules for payroll processes, such as passwords or number of threads.","Y","","LOV","oracle.apps.hcm.batchProcesses.core.publicView.ActionParameterGroupPVO","9","INPUT","","USA Legislative Data Group","","","","","","","","","","","","","","","","select to_char(action_param_group_id) from fusion.pay_action_param_groups where action_param_group_name='DEFAULT GROUP'","#null","","","","","","#null","#null","#null"
"SKHUBCHA Payroll Flow Pattern Test","Calculate Payroll for Late Hire300005040233260","Run Type","Calculate Payroll for Late Hire","Run Type","Submit","FlowTaskParameterSetup","Calculate Payroll for Late Hire300005040233260,Run Type,Submit,Calculate Payroll for Late Hire,RUN_TYPE,SKHUBCHA Payroll Flow Pattern Test","RUN_TYPE","BIND_FLOW","","N","","N","oracle.apps.hcm.processFlows.core.protectedUiModel.view.RuntypeLookupVO","70","INPUT","","USA Legislative Data Group","","","","","","","","","","","","","","","","","#null","","","#null","","","#null","#null","#null"
"SKHUBCHA Payroll Flow Pattern Test","Calculate Payroll for Single Employee300005040233277","Request","Calculate Payroll for Single Employee","Request","Submit","FlowTaskParameterSetup","Calculate Payroll for Single Employee300005040233277,Request,Submit,Calculate Payroll for Single Employee,REQUEST,SKHUBCHA Payroll Flow Pattern Test","REQUEST","BIND_CONTEXT","","N","","N","","7","INPUT","","USA Legislative Data Group","","","","","","","","","","","","","","","","REQID","#null","","","","","","#null","#null","#null"
"SKHUBCHA Payroll Flow Pattern Test","Calculate Payroll for Late Hire300005040233260","Request","Calculate Payroll for Late Hire","Request","Submit","FlowTaskParameterSetup","Calculate Payroll for Late Hire300005040233260,Request,Submit,Calculate Payroll for Late Hire,REQUEST,SKHUBCHA Payroll Flow Pattern Test","REQUEST","BIND_CONTEXT","","N","","N","","2","INPUT","","USA Legislative Data Group","","","","","","","","","","","","","","","","REQID","#null","","","","","","#null","#null","#null"
"SKHUBCHA Payroll Flow Pattern Test","Calculate Payroll300005040233232","Request","Calculate Payroll","Request","Submit","FlowTaskParameterSetup","Calculate Payroll300005040233232,Request,Submit,Calculate Payroll,REQUEST,SKHUBCHA Payroll Flow Pattern Test","REQUEST","BIND_CONTEXT","","N","","N","","10","INPUT","","USA Legislative Data Group","","","","","","","","","","","","","","","","REQID","#null","","","","","","#null","#null","#null"
"SKHUBCHA Payroll Flow Pattern Test","Calculate Payroll for Single Employee300005040233277","Person Process","Calculate Payroll for Single Employee","Person Process","Submit","FlowTaskParameterSetup","Calculate Payroll for Single Employee300005040233277,Person Process,Submit,Calculate Payroll for Single Employee,PERSON_PROCESS,SKHUBCHA Payroll Flow Pattern Test","PERSON_PROCESS","BIND_CONTEXT","","N","","N","","30","OUTPUT","","USA Legislative Data Group","","","","","","","","","","","","","","","","PAYRELACTID","#null","","","","","","#null","#null","#null"
"SKHUBCHA Payroll Flow Pattern Test","Calculate Payroll for Single Employee300005040233277","Payroll Process","Calculate Payroll for Single Employee","Payroll Process","Submit","FlowTaskParameterSetup","Calculate Payroll for Single Employee300005040233277,Payroll Process,Submit,Calculate Payroll for Single Employee,PAYROLL_PROCESS,SKHUBCHA Payroll Flow Pattern Test","PAYROLL_PROCESS","BIND_CONTEXT","Process used to calculate or generate results.","N","","N","","20","OUTPUT","","USA Legislative Data Group","","","","","","","","","","","","","","","","PAYACTID","#null","","","","","","#null","#null","#null"
"SKHUBCHA Payroll Flow Pattern Test","Calculate Payroll300005040233232","Payroll Process","Calculate Payroll","Payroll Process","Submit","FlowTaskParameterSetup","Calculate Payroll300005040233232,Payroll Process,Submit,Calculate Payroll,PAYROLL_PROCESS,SKHUBCHA Payroll Flow Pattern Test","PAYROLL_PROCESS","BIND_CONTEXT","Process used to calculate or generate results.","N","","N","","11","OUTPUT","","USA Legislative Data Group","","","","","","","","","","","","","","","","PAYACTID","#null","","","","","","#null","#null","#null"
"SKHUBCHA Payroll Flow Pattern Test","Calculate Payroll300005040233232","Expedite Payroll","Calculate Payroll","Expedite Payroll","Submit","FlowTaskParameterSetup","Calculate Payroll300005040233232,Expedite Payroll,Submit,Calculate Payroll,EXPEDITE_PAYROLL,SKHUBCHA Payroll Flow Pattern Test","EXPEDITE_PAYROLL","BIND_FLOW","Expedite Payroll","Y","","LK","YES_NO","12","INPUT","","USA Legislative Data Group","","","","","","","","","","","","","","","","","#null","","","#null","","","#null","#null","#null"
"SKHUBCHA Payroll Flow Pattern Test","Calculate Payroll for Late Hire300005040233260","Legislative Data Group","Calculate Payroll for Late Hire","Legislative Data Group","Submit","FlowTaskParameterSetup","Calculate Payroll for Late Hire300005040233260,Legislative Data Group,Submit,Calculate Payroll for Late Hire,LDG_ID,SKHUBCHA Payroll Flow Pattern Test","LDG_ID","BIND_CONTEXT","","M","","N","","30","INPUT","","USA Legislative Data Group","","","","","","","","","","","","","","","","LDGID","#null","","","","","","#null","#null","#null"
"SKHUBCHA Payroll Flow Pattern Test","Calculate Payroll for Late Hire300005040233260","Consolidation Set","Calculate Payroll for Late Hire","Consolidation Set","Submit","FlowTaskParameterSetup","Calculate Payroll for Late Hire300005040233260,Consolidation Set,Submit,Calculate Payroll for Late Hire,CONSOLIDATION_SET,SKHUBCHA Payroll Flow Pattern Test","CONSOLIDATION_SET","BIND_FLOW","","N","","N","","60","INPUT","","USA Legislative Data Group","","","","","","","","","","","","","","","","","#null","","","#null","","","#null","#null","#null"
"SKHUBCHA Payroll Flow Pattern Test","Calculate Payroll for Single Employee300005040233277","Request","Calculate Payroll for Single Employee","Request","Retry","FlowTaskParameterSetup","Calculate Payroll for Single Employee300005040233277,Request,Retry,Calculate Payroll for Single Employee,CONSOLIDATION_GROUP_RERUN,SKHUBCHA Payroll Flow Pattern Test","CONSOLIDATION_GROUP_RERUN","BIND_FLOW","","Y","","LOV","oracle.apps.hcm.payrolls.core.publicView.ConsolidationSetPVO","3","INPUT","","USA Legislative Data Group","","","","","","","","","","","","","","","","","#null","","","#null","","","#null","#null","#null"
"SKHUBCHA Payroll Flow Pattern Test","Calculate Payroll for Single Employee300005040233277","Payroll","Calculate Payroll for Single Employee","Payroll","Retry","FlowTaskParameterSetup","Calculate Payroll for Single Employee300005040233277,Payroll,Retry,Calculate Payroll for Single Employee,PAYROLL_RERUN,SKHUBCHA Payroll Flow Pattern Test","PAYROLL_RERUN","BIND_FLOW","Name of the payroll as entered in the payroll definition.","M","","LOV","oracle.apps.hcm.payrolls.core.publicView.PayrollDPVO","2","INPUT","","USA Legislative Data Group","","","","","","","","","","","","","","","","","#null","","","#null","","","#null","#null","#null"
"SKHUBCHA Payroll Flow Pattern Test","Calculate Payroll for Single Employee300005040233277","Payroll Relationship Id","Calculate Payroll for Single Employee","Payroll Relationship Id","Retry","FlowTaskParameterSetup","Calculate Payroll for Single Employee300005040233277,Payroll Relationship Id,Retry,Calculate Payroll for Single Employee,PAYROLL_RELATIONSHIP_ID_RERUN,SKHUBCHA Payroll Flow Pattern Test","PAYROLL_RELATIONSHIP_ID_RERUN","BIND_FLOW","Payroll Relationship Id","M","","LOV","oracle.apps.hcm.common.pay.publicView.parameters.QuickPayRelationshipVO","1","INPUT","","USA Legislative Data Group","","","","","","","","","","","","","","","","","#null","","","#null","","","#null","#null","#null"
"SKHUBCHA Payroll Flow Pattern Test","Calculate Payroll for Single Employee300005040233277","Effective Date","Calculate Payroll for Single Employee","Effective Date","Retry","FlowTaskParameterSetup","Calculate Payroll for Single Employee300005040233277,Effective Date,Retry,Calculate Payroll for Single Employee,EFFECTIVE_DATE_RERUN,SKHUBCHA Payroll Flow Pattern Test","EFFECTIVE_DATE_RERUN","BIND_FLOW","","M","","D","","5","INPUT","","USA Legislative Data Group","","","","","","","","","","","","","","","","","#null","","","#null","","","#null","#null","#null"
"SKHUBCHA Payroll Flow Pattern Test","Calculate Payroll for Single Employee300005040233277","Date Earned","Calculate Payroll for Single Employee","Date Earned","Retry","FlowTaskParameterSetup","Calculate Payroll for Single Employee300005040233277,Date Earned,Retry,Calculate Payroll for Single Employee,DATE_EARNED_RERUN,SKHUBCHA Payroll Flow Pattern Test","DATE_EARNED_RERUN","BIND_FLOW","Date used to identify the element entries to include in the payroll run.","Y","","D","","4","INPUT","","USA Legislative Data Group","","","","","","","","","","","","","","","","","#null","","","#null","","","#null","#null","#null"
"SKHUBCHA Payroll Flow Pattern Test","Calculate Payroll for Single Employee300005040233277","Consolidation Set","Calculate Payroll for Single Employee","Consolidation Set","Retry","FlowTaskParameterSetup","Calculate Payroll for Single Employee300005040233277,Consolidation Set,Retry,Calculate Payroll for Single Employee,REQUEST_RERUN,SKHUBCHA Payroll Flow Pattern Test","REQUEST_RERUN","BIND_CONTEXT","","N","","N","","7","INPUT","","USA Legislative Data Group","","","","","","","","","","","","","","","","REQID","#null","","","","","","#null","#null","#null"
"SKHUBCHA Payroll Flow Pattern Test","Calculate Payroll300005040233232","Request","Calculate Payroll","Request","Retry","FlowTaskParameterSetup","Calculate Payroll300005040233232,Request,Retry,Calculate Payroll,REQUEST_RERUN,SKHUBCHA Payroll Flow Pattern Test","REQUEST_RERUN","BIND_CONTEXT","","N","","N","","2","INPUT","","USA Legislative Data Group","","","","","","","","","","","","","","","","REQID","#null","","","","","","#null","#null","#null"
"SKHUBCHA Payroll Flow Pattern Test","Calculate Payroll for Single Employee300005040233277","Person Process","Calculate Payroll for Single Employee","Person Process","Retry","FlowTaskParameterSetup","Calculate Payroll for Single Employee300005040233277,Person Process,Retry,Calculate Payroll for Single Employee,PERSON_PROCESS_RERUN,SKHUBCHA Payroll Flow Pattern Test","PERSON_PROCESS_RERUN","BIND_CONTEXT","","N","","N","","30","OUTPUT","","USA Legislative Data Group","","","","","","","","","","","","","","","","PAYRELACTID","#null","","","","","","#null","#null","#null"
"SKHUBCHA Payroll Flow Pattern Test","Calculate Payroll300005040233232","Reason","Calculate Payroll","Reason","Retry","FlowTaskParameterSetup","Calculate Payroll300005040233232,Reason,Retry,Calculate Payroll,REASON_RERUN,SKHUBCHA Payroll Flow Pattern Test","REASON_RERUN","CONST","Information that explains the requirement or purpose for submitting the flow task.","Y","","T","","200","INPUT","","USA Legislative Data Group","","","","","","","","","","","","","","","","Corrective Action","#null","","","","","","#null","#null","#null"
"SKHUBCHA Payroll Flow Pattern Test","Calculate Payroll for Single Employee300005040233277","Payroll Relationship Group","Calculate Payroll for Single Employee","Payroll Relationship Group","Mark For Retry","FlowTaskParameterSetup","Calculate Payroll for Single Employee300005040233277,Payroll Relationship Group,Mark For Retry,Calculate Payroll for Single Employee,PAYROLL_RELATIONSHIP_GROUP_MARK_FOR_RETRY,SKHUBCHA Payroll Flow Pattern Test","PAYROLL_RELATIONSHIP_GROUP_MARK_FOR_RETRY","CONST","Name of the payroll relationship object group that includes the payroll relationships to process.","Y","","T","","2","INPUT","","USA Legislative Data Group","","","","","","","","","","","","","","","","","#null","","","#null","","","#null","#null","#null"
"SKHUBCHA Payroll Flow Pattern Test","Calculate Payroll300005040233232","Payroll Relationship Group","Calculate Payroll","Payroll Relationship Group","Mark for Retry","FlowTaskParameterSetup","Calculate Payroll300005040233232,Payroll Relationship Group,Mark for Retry,Calculate Payroll,PAYROLL_RELATIONSHIP_GROUP_MARK_FOR_RETRY,SKHUBCHA Payroll Flow Pattern Test","PAYROLL_RELATIONSHIP_GROUP_MARK_FOR_RETRY","BIND_FLOW","Name of the payroll relationship object group that includes the payroll relationships to process.","Y","","LOV","oracle.apps.hcm.objectGroups.publicView.PayrollRelationshipGroupPVO","2","INPUT","","USA Legislative Data Group","","","","","","","","","","","","","","","","","#null","","","#null","","","#null","#null","#null"
"SKHUBCHA Payroll Flow Pattern Test","Calculate Payroll300005040233232","Payroll Relationship Group","Calculate Payroll","Payroll Relationship Group","Roll Back","FlowTaskParameterSetup","Calculate Payroll300005040233232,Payroll Relationship Group,Roll Back,Calculate Payroll,PAYROLL_RELATIONSHIP_GROUP_ROLLBACK,SKHUBCHA Payroll Flow Pattern Test","PAYROLL_RELATIONSHIP_GROUP_ROLLBACK","BIND_FLOW","Name of the payroll relationship object group that includes the payroll relationships to process.","Y","","LOV","oracle.apps.hcm.objectGroups.publicView.PayrollRelationshipGroupPVO","2","INPUT","","USA Legislative Data Group","","","","","","","","","","","","","","","","","#null","","","#null","","","#null","#null","#null"
"SKHUBCHA Payroll Flow Pattern Test","Calculate Payroll for Single Employee300005040233277","Reason","Calculate Payroll for Single Employee","Reason","Roll Back","FlowTaskParameterSetup","Calculate Payroll for Single Employee300005040233277,Reason,Roll Back,Calculate Payroll for Single Employee,REASON_ROLLBACK,SKHUBCHA Payroll Flow Pattern Test","REASON_ROLLBACK","CONST","Information that explains the requirement or purpose for submitting the flow task.","Y","","T","","3","INPUT","","USA Legislative Data Group","","","","","","","","","","","","","","","","","#null","","","#null","","","#null","#null","#null"
"SKHUBCHA Payroll Flow Pattern Test","Calculate Payroll for Single Employee300005040233277","Payroll Relationship Group","Calculate Payroll for Single Employee","Payroll Relationship Group","Roll Back","FlowTaskParameterSetup","Calculate Payroll for Single Employee300005040233277,Payroll Relationship Group,Roll Back,Calculate Payroll for Single Employee,PAYROLL_RELATIONSHIP_GROUP_ROLLBACK,SKHUBCHA Payroll Flow Pattern Test","PAYROLL_RELATIONSHIP_GROUP_ROLLBACK","CONST","Name of the payroll relationship object group that includes the payroll relationships to process.","Y","","T","","2","INPUT","","USA Legislative Data Group","","","","","","","","","","","","","","","","","#null","","","#null","","","#null","#null","#null"
"SKHUBCHA Payroll Flow Pattern Test","Calculate Payroll for Single Employee300005040233277","Reason","Calculate Payroll for Single Employee","Reason","Mark For Retry","FlowTaskParameterSetup","Calculate Payroll for Single Employee300005040233277,Reason,Mark For Retry,Calculate Payroll for Single Employee,REASON_MARK_FOR_RETRY,SKHUBCHA Payroll Flow Pattern Test","REASON_MARK_FOR_RETRY","CONST","Information that explains the requirement or purpose for submitting the flow task.","Y","","T","","3","INPUT","","USA Legislative Data Group","","","","","","","","","","","","","","","","","#null","","","#null","","","#null","#null","#null"
"SKHUBCHA Payroll Flow Pattern Test","Calculate Payroll for Late Hire300005040233260","Request","Calculate Payroll for Late Hire","Request","Rollback","FlowTaskParameterSetup","Calculate Payroll for Late Hire300005040233260,Request,Rollback,Calculate Payroll for Late Hire,REQUEST_ROLLBACK,SKHUBCHA Payroll Flow Pattern Test","REQUEST_ROLLBACK","BIND_CONTEXT","","N","","N","","1","INPUT","","USA Legislative Data Group","","","","","","","","","","","","","","","","REQID","#null","","","","","","#null","#null","#null"
"SKHUBCHA Payroll Flow Pattern Test","Calculate Payroll300005040233232","Request","Calculate Payroll","Request","Mark for Retry","FlowTaskParameterSetup","Calculate Payroll300005040233232,Request,Mark for Retry,Calculate Payroll,REQUEST_MARK_FOR_RETRY,SKHUBCHA Payroll Flow Pattern Test","REQUEST_MARK_FOR_RETRY","BIND_CONTEXT","","N","","N","","3","INPUT","","USA Legislative Data Group","","","","","","","","","","","","","","","","REQID","#null","","","","","","#null","#null","#null"
"SKHUBCHA Payroll Flow Pattern Test","Calculate Payroll300005040233232","Request","Calculate Payroll","Request","Roll Back","FlowTaskParameterSetup","Calculate Payroll300005040233232,Request,Roll Back,Calculate Payroll,REQUEST_ROLLBACK,SKHUBCHA Payroll Flow Pattern Test","REQUEST_ROLLBACK","BIND_CONTEXT","","N","","N","","3","INPUT","","USA Legislative Data Group","","","","","","","","","","","","","","","","REQID","#null","","","","","","#null","#null","#null"
"SKHUBCHA Payroll Flow Pattern Test","Calculate Payroll for Single Employee300005040233277","Request","Calculate Payroll for Single Employee","Request","Roll Back","FlowTaskParameterSetup","Calculate Payroll for Single Employee300005040233277,Request,Roll Back,Calculate Payroll for Single Employee,REQUEST_ROLLBACK,SKHUBCHA Payroll Flow Pattern Test","REQUEST_ROLLBACK","BIND_CONTEXT","","Y","","T","","4","INPUT","","USA Legislative Data Group","","","","","","","","","","","","","","","","REQID","#null","","","","","","#null","#null","#null"
"SKHUBCHA Payroll Flow Pattern Test","Calculate Payroll for Single Employee300005040233277","Request","Calculate Payroll for Single Employee","Request","Mark For Retry","FlowTaskParameterSetup","Calculate Payroll for Single Employee300005040233277,Request,Mark For Retry,Calculate Payroll for Single Employee,REQUEST_MARK_FOR_RETRY,SKHUBCHA Payroll Flow Pattern Test","REQUEST_MARK_FOR_RETRY","BIND_CONTEXT","","Y","","T","","4","INPUT","","USA Legislative Data Group","","","","","","","","","","","","","","","","REQID","#null","","","","","","#null","#null","#null"
"SKHUBCHA Payroll Flow Pattern Test","Calculate Payroll for Late Hire300005040233260","Reason","Calculate Payroll for Late Hire","Reason","Rollback","FlowTaskParameterSetup","Calculate Payroll for Late Hire300005040233260,Reason,Rollback,Calculate Payroll for Late Hire,REASON_ROLLBACK,SKHUBCHA Payroll Flow Pattern Test","REASON_ROLLBACK","CONST","","Y","","T","","3","INPUT","","USA Legislative Data Group","","","","","","","","","","","","","","","","Corrective Action","#null","","","","","","#null","#null","#null"
"SKHUBCHA Payroll Flow Pattern Test","Calculate Payroll300005040233232","Reason","Calculate Payroll","Reason","Mark for Retry","FlowTaskParameterSetup","Calculate Payroll300005040233232,Reason,Mark for Retry,Calculate Payroll,REASON_MARK_FOR_RETRY,SKHUBCHA Payroll Flow Pattern Test","REASON_MARK_FOR_RETRY","CONST","Information that explains the requirement or purpose for submitting the flow task.","Y","","T","","200","INPUT","","USA Legislative Data Group","","","","","","","","","","","","","","","","Corrective Action","#null","","","","","","#null","#null","#null"
"SKHUBCHA Payroll Flow Pattern Test","Calculate Payroll300005040233232","Reason","Calculate Payroll","Reason","Roll Back","FlowTaskParameterSetup","Calculate Payroll300005040233232,Reason,Roll Back,Calculate Payroll,REASON_ROLLBACK,SKHUBCHA Payroll Flow Pattern Test","REASON_ROLLBACK","CONST","Information that explains the requirement or purpose for submitting the flow task.","Y","","T","","200","INPUT","","USA Legislative Data Group","","","","","","","","","","","","","","","","Corrective Action","#null","","","","","","#null","#null","#null"
"SKHUBCHA Payroll Flow Pattern Test","Calculate Payroll for Single Employee300005040233277","Payroll Process","Calculate Payroll for Single Employee","Payroll Process","Retry","FlowTaskParameterSetup","Calculate Payroll for Single Employee300005040233277,Payroll Process,Retry,Calculate Payroll for Single Employee,PAYROLL_PROCESS_RERUN,SKHUBCHA Payroll Flow Pattern Test","PAYROLL_PROCESS_RERUN","BIND_FLOW_TASK","Process used to calculate or generate results.","N","","N","","20","INPUT","","USA Legislative Data Group","Calculate Payroll for Single Employee300005040233277","PAYROLL_PROCESS","Calculate Payroll for Single Employee","Submit","Payroll Process","","SKHUBCHA Payroll Flow Pattern Test","","","Calculate Payroll for Single Employee300005040233277","PAYROLL_PROCESS","SKHUBCHA Payroll Flow Pattern Test","Payroll Process","Submit","Calculate Payroll for Single Employee","","#null","","","","","","","",""
"SKHUBCHA Payroll Flow Pattern Test","Calculate Payroll300005040233232","Payroll Process","Calculate Payroll","Payroll Process","Retry","FlowTaskParameterSetup","Calculate Payroll300005040233232,Payroll Process,Retry,Calculate Payroll,PAYROLL_PROCESS_RERUN,SKHUBCHA Payroll Flow Pattern Test","PAYROLL_PROCESS_RERUN","BIND_FLOW_TASK","Process used to calculate or generate results.","N","","N","","1","INPUT","","USA Legislative Data Group","Calculate Payroll300005040233232","PAYROLL_PROCESS","Calculate Payroll","Submit","Payroll Process","","SKHUBCHA Payroll Flow Pattern Test","","","Calculate Payroll300005040233232","PAYROLL_PROCESS","SKHUBCHA Payroll Flow Pattern Test","Payroll Process","Submit","Calculate Payroll","","#null","","","","","","","",""
"SKHUBCHA Payroll Flow Pattern Test","Calculate Payroll for Late Hire300005040233260","Payroll Process","Calculate Payroll for Late Hire","Payroll Process","Rollback","FlowTaskParameterSetup","Calculate Payroll for Late Hire300005040233260,Payroll Process,Rollback,Calculate Payroll for Late Hire,PAYROLL_PROCESS_ROLLBACK,SKHUBCHA Payroll Flow Pattern Test","PAYROLL_PROCESS_ROLLBACK","BIND_FLOW_TASK","","N","","N","","2","INPUT","","USA Legislative Data Group","","","","","","","","","","","","","","","","","#null","","","#null","","","#null","#null","#null"
"SKHUBCHA Payroll Flow Pattern Test","Calculate Payroll for Single Employee300005040233277","Payroll Process","Calculate Payroll for Single Employee","Payroll Process","Mark For Retry","FlowTaskParameterSetup","Calculate Payroll for Single Employee300005040233277,Payroll Process,Mark For Retry,Calculate Payroll for Single Employee,PAYROLL_PROCESS_MARK_FOR_RETRY,SKHUBCHA Payroll Flow Pattern Test","PAYROLL_PROCESS_MARK_FOR_RETRY","BIND_FLOW_TASK","Process used to calculate or generate results.","Y","","T","","1","INPUT","","USA Legislative Data Group","Calculate Payroll for Single Employee300005040233277","PAYROLL_PROCESS","Calculate Payroll for Single Employee","Submit","Payroll Process","","SKHUBCHA Payroll Flow Pattern Test","","","Calculate Payroll for Single Employee300005040233277","PAYROLL_PROCESS","SKHUBCHA Payroll Flow Pattern Test","Payroll Process","Submit","Calculate Payroll for Single Employee","","#null","","","","","","","",""
"SKHUBCHA Payroll Flow Pattern Test","Calculate Payroll for Single Employee300005040233277","Payroll Process","Calculate Payroll for Single Employee","Payroll Process","Roll Back","FlowTaskParameterSetup","Calculate Payroll for Single Employee300005040233277,Payroll Process,Roll Back,Calculate Payroll for Single Employee,PAYROLL_PROCESS_ROLLBACK,SKHUBCHA Payroll Flow Pattern Test","PAYROLL_PROCESS_ROLLBACK","BIND_FLOW_TASK","Process used to calculate or generate results.","Y","","T","","1","INPUT","","USA Legislative Data Group","Calculate Payroll for Single Employee300005040233277","PAYROLL_PROCESS","Calculate Payroll for Single Employee","Submit","Payroll Process","","SKHUBCHA Payroll Flow Pattern Test","","","Calculate Payroll for Single Employee300005040233277","PAYROLL_PROCESS","SKHUBCHA Payroll Flow Pattern Test","Payroll Process","Submit","Calculate Payroll for Single Employee","","#null","","","","","","","",""
"SKHUBCHA Payroll Flow Pattern Test","Calculate Payroll300005040233232","Payroll Process","Calculate Payroll","Payroll Process","Roll Back","FlowTaskParameterSetup","Calculate Payroll300005040233232,Payroll Process,Roll Back,Calculate Payroll,PAYROLL_PROCESS_ROLLBACK,SKHUBCHA Payroll Flow Pattern Test","PAYROLL_PROCESS_ROLLBACK","BIND_FLOW_TASK","Process used to calculate or generate results.","N","","N","","1","INPUT","","USA Legislative Data Group","Calculate Payroll300005040233232","PAYROLL_PROCESS","Calculate Payroll","Submit","Payroll Process","","SKHUBCHA Payroll Flow Pattern Test","","","Calculate Payroll300005040233232","PAYROLL_PROCESS","SKHUBCHA Payroll Flow Pattern Test","Payroll Process","Submit","Calculate Payroll","","#null","","","","","","","",""
"SKHUBCHA Payroll Flow Pattern Test","Calculate Payroll300005040233232","Payroll Process","Calculate Payroll","Payroll Process","Mark for Retry","FlowTaskParameterSetup","Calculate Payroll300005040233232,Payroll Process,Mark for Retry,Calculate Payroll,PAYROLL_PROCESS_MARK_FOR_RETRY,SKHUBCHA Payroll Flow Pattern Test","PAYROLL_PROCESS_MARK_FOR_RETRY","BIND_FLOW_TASK","Process used to calculate or generate results.","N","","N","","1","INPUT","","USA Legislative Data Group","Calculate Payroll300005040233232","PAYROLL_PROCESS","Calculate Payroll","Submit","Payroll Process","","SKHUBCHA Payroll Flow Pattern Test","","","Calculate Payroll300005040233232","PAYROLL_PROCESS","SKHUBCHA Payroll Flow Pattern Test","Payroll Process","Submit","Calculate Payroll","","#null","","","","","","","",""
