"FlowName","BaseInteractionName","ViewInstanceName","GroupingKey","FormulaId","LegislationCode","LegislativeDataGroupName","ToBaseFlowTaskName","ToFlowName","FromBaseFlowTaskName","BaseFlowId","FromFlowTaskId","InteractionFlowId","InteractionId","LegislativeDataGroupId","ToFlowTaskId"
"SKHUBCHA Payroll Flow Pattern Test","300005040233231","FlowTaskInteraction1","300005040233231,SKHUBCHA Payroll Flow Pattern Test","","","USA Legislative Data Group","End Task300005040233230","SKHUBCHA Payroll Flow Pattern Test","Calculate Payroll for Late Hire300005040233260","","","","","",""
"SKHUBCHA Payroll Flow Pattern Test","300005040233256","FlowTaskInteraction1","300005040233256,SKHUBCHA Payroll Flow Pattern Test","","","USA Legislative Data Group","Calculate Payroll300005040233232","SKHUBCHA Payroll Flow Pattern Test","Start Task300005040233229","","","","","",""
"SKHUBCHA Payroll Flow Pattern Test","300005040233274","FlowTaskInteraction1","300005040233274,SKHUBCHA Payroll Flow Pattern Test","","","USA Legislative Data Group","Calculate Payroll for Late Hire300005040233260","SKHUBCHA Payroll Flow Pattern Test","Calculate Payroll for Single Employee300005040233277","","","","","",""
"SKHUBCHA Payroll Flow Pattern Test","300005040233303","FlowTaskInteraction1","300005040233303,SKHUBCHA Payroll Flow Pattern Test","","","USA Legislative Data Group","Calculate Payroll for Single Employee300005040233277","SKHUBCHA Payroll Flow Pattern Test","Calculate Payroll300005040233232","","","","","",""
