"ChecklistName","ViewInstanceName","GroupingKey","BaseChecklistName","CategoryType","ChecklistType","Description","DestUiUrl","LegislationCode","RunSequence","SubCategoryType","LegislativeDataGroupName","BaseFlowName","BaseFlowTaskName","ParentBaseChecklistName","BaseFlowId","BaseFlowTaskId","ChecklistId","LegislativeDataGroupId","ParentChecklistId"
"Payroll Calculation","Checklists","300005040233259Payroll Calculation,SKHUBCHA PAYROLL FLOW PATTERN TEST","300005040233259Payroll Calculation","CALCULATE","CAT_CHECKLIST","","","","","","USA Legislative Data Group","SKHUBCHA PAYROLL FLOW PATTERN TEST","","","","#null","","","#null"
"Calculate and Validate Payroll","Checklists","300005040233258Calculate and Validate Payroll,SKHUBCHA PAYROLL FLOW PATTERN TEST","300005040233258Calculate and Validate Payroll","","SUBCAT_CHECKLIST","","","","","CALCULATE_200_PAYROLL","USA Legislative Data Group","SKHUBCHA PAYROLL FLOW PATTERN TEST","","300005040233259Payroll Calculation","","#null","","",""
"Payroll Corrections","Checklists","300005040233276Payroll Corrections,SKHUBCHA PAYROLL FLOW PATTERN TEST","300005040233276Payroll Corrections","","SUBCAT_CHECKLIST","","","","","CALCULATE_300_CORRECTIONS","USA Legislative Data Group","SKHUBCHA PAYROLL FLOW PATTERN TEST","","300005040233259Payroll Calculation","","#null","","",""
"Calculate Payroll","Checklists","300005040233257Calculate Payroll,SKHUBCHA PAYROLL FLOW PATTERN TEST","300005040233257Calculate Payroll","CALCULATE","TASK_CHECKLIST","","/WEB-INF/oracle/apps/hcm/processFlows/payCalculations/ui/flow/PayrollCalculationWorkAreaContainerFlow.xml","","","CALCULATE_200_PAYROLL","USA Legislative Data Group","SKHUBCHA PAYROLL FLOW PATTERN TEST","Calculate Payroll300005040233232","300005040233258Calculate and Validate Payroll","","","","",""
"Calculate Payroll for Late Hire","Checklists","300005040233275Calculate Payroll for Late Hire,SKHUBCHA PAYROLL FLOW PATTERN TEST","300005040233275Calculate Payroll for Late Hire","CALCULATE","TASK_CHECKLIST","","","","","CALCULATE_300_CORRECTIONS","USA Legislative Data Group","SKHUBCHA PAYROLL FLOW PATTERN TEST","Calculate Payroll for Late Hire300005040233260","300005040233276Payroll Corrections","","","","",""
"Calculate Payroll for Single Employee","Checklists","300005040233304Calculate Payroll for Single Employee,SKHUBCHA PAYROLL FLOW PATTERN TEST","300005040233304Calculate Payroll for Single Employee","CALCULATE","TASK_CHECKLIST","","/WEB-INF/oracle/apps/hcm/processFlows/payCalculations/ui/flow/PayrollCalculationWorkAreaContainerFlow.xml","","","CALCULATE_200_PAYROLL","USA Legislative Data Group","SKHUBCHA PAYROLL FLOW PATTERN TEST","Calculate Payroll for Single Employee300005040233277","300005040233258Calculate and Validate Payroll","","","","",""
