"ORA_PAYROLL_FLOW_DEFINITION_CHECKLISTS.ChecklistName","ViewInstanceName","GroupingKey","ChecklistName","Description","Language","SourceLang","BaseFlowName","LegislativeDataGroupName","BaseChecklistName","LegislationCode","ChecklistId","LegislativeDataGroupId"
"Payroll Calculation","CheckListsTranslation","300005040233259Payroll Calculation,SKHUBCHA PAYROLL FLOW PATTERN TEST","Payroll Calculation","","CS","US","SKHUBCHA PAYROLL FLOW PATTERN TEST","USA Legislative Data Group","300005040233259Payroll Calculation","","",""
"Payroll Calculation","CheckListsTranslation","300005040233259Payroll Calculation,SKHUBCHA PAYROLL FLOW PATTERN TEST","Payroll Calculation","","D","US","SKHUBCHA PAYROLL FLOW PATTERN TEST","USA Legislative Data Group","300005040233259Payroll Calculation","","",""
"Payroll Calculation","CheckListsTranslation","300005040233259Payroll Calculation,SKHUBCHA PAYROLL FLOW PATTERN TEST","Payroll Calculation","","DK","US","SKHUBCHA PAYROLL FLOW PATTERN TEST","USA Legislative Data Group","300005040233259Payroll Calculation","","",""
"Payroll Calculation","CheckListsTranslation","300005040233259Payroll Calculation,SKHUBCHA PAYROLL FLOW PATTERN TEST","Payroll Calculation","","E","US","SKHUBCHA PAYROLL FLOW PATTERN TEST","USA Legislative Data Group","300005040233259Payroll Calculation","","",""
"Payroll Calculation","CheckListsTranslation","300005040233259Payroll Calculation,SKHUBCHA PAYROLL FLOW PATTERN TEST","Payroll Calculation","","F","US","SKHUBCHA PAYROLL FLOW PATTERN TEST","USA Legislative Data Group","300005040233259Payroll Calculation","","",""
"Payroll Calculation","CheckListsTranslation","300005040233259Payroll Calculation,SKHUBCHA PAYROLL FLOW PATTERN TEST","Payroll Calculation","","FRC","US","SKHUBCHA PAYROLL FLOW PATTERN TEST","USA Legislative Data Group","300005040233259Payroll Calculation","","",""
"Payroll Calculation","CheckListsTranslation","300005040233259Payroll Calculation,SKHUBCHA PAYROLL FLOW PATTERN TEST","Payroll Calculation","","HU","US","SKHUBCHA PAYROLL FLOW PATTERN TEST","USA Legislative Data Group","300005040233259Payroll Calculation","","",""
"Payroll Calculation","CheckListsTranslation","300005040233259Payroll Calculation,SKHUBCHA PAYROLL FLOW PATTERN TEST","Payroll Calculation","","I","US","SKHUBCHA PAYROLL FLOW PATTERN TEST","USA Legislative Data Group","300005040233259Payroll Calculation","","",""
"Payroll Calculation","CheckListsTranslation","300005040233259Payroll Calculation,SKHUBCHA PAYROLL FLOW PATTERN TEST","Payroll Calculation","","KO","US","SKHUBCHA PAYROLL FLOW PATTERN TEST","USA Legislative Data Group","300005040233259Payroll Calculation","","",""
"Payroll Calculation","CheckListsTranslation","300005040233259Payroll Calculation,SKHUBCHA PAYROLL FLOW PATTERN TEST","Payroll Calculation","","N","US","SKHUBCHA PAYROLL FLOW PATTERN TEST","USA Legislative Data Group","300005040233259Payroll Calculation","","",""
"Payroll Calculation","CheckListsTranslation","300005040233259Payroll Calculation,SKHUBCHA PAYROLL FLOW PATTERN TEST","Payroll Calculation","","NL","US","SKHUBCHA PAYROLL FLOW PATTERN TEST","USA Legislative Data Group","300005040233259Payroll Calculation","","",""
"Payroll Calculation","CheckListsTranslation","300005040233259Payroll Calculation,SKHUBCHA PAYROLL FLOW PATTERN TEST","Payroll Calculation","","PL","US","SKHUBCHA PAYROLL FLOW PATTERN TEST","USA Legislative Data Group","300005040233259Payroll Calculation","","",""
"Payroll Calculation","CheckListsTranslation","300005040233259Payroll Calculation,SKHUBCHA PAYROLL FLOW PATTERN TEST","Payroll Calculation","","PTB","US","SKHUBCHA PAYROLL FLOW PATTERN TEST","USA Legislative Data Group","300005040233259Payroll Calculation","","",""
"Payroll Calculation","CheckListsTranslation","300005040233259Payroll Calculation,SKHUBCHA PAYROLL FLOW PATTERN TEST","Payroll Calculation","","RO","US","SKHUBCHA PAYROLL FLOW PATTERN TEST","USA Legislative Data Group","300005040233259Payroll Calculation","","",""
"Payroll Calculation","CheckListsTranslation","300005040233259Payroll Calculation,SKHUBCHA PAYROLL FLOW PATTERN TEST","Payroll Calculation","","S","US","SKHUBCHA PAYROLL FLOW PATTERN TEST","USA Legislative Data Group","300005040233259Payroll Calculation","","",""
"Payroll Calculation","CheckListsTranslation","300005040233259Payroll Calculation,SKHUBCHA PAYROLL FLOW PATTERN TEST","Payroll Calculation","","SF","US","SKHUBCHA PAYROLL FLOW PATTERN TEST","USA Legislative Data Group","300005040233259Payroll Calculation","","",""
"Payroll Calculation","CheckListsTranslation","300005040233259Payroll Calculation,SKHUBCHA PAYROLL FLOW PATTERN TEST","Payroll Calculation","","TH","US","SKHUBCHA PAYROLL FLOW PATTERN TEST","USA Legislative Data Group","300005040233259Payroll Calculation","","",""
"Payroll Calculation","CheckListsTranslation","300005040233259Payroll Calculation,SKHUBCHA PAYROLL FLOW PATTERN TEST","Payroll Calculation","","TR","US","SKHUBCHA PAYROLL FLOW PATTERN TEST","USA Legislative Data Group","300005040233259Payroll Calculation","","",""
"Payroll Calculation","CheckListsTranslation","300005040233259Payroll Calculation,SKHUBCHA PAYROLL FLOW PATTERN TEST","Payroll Calculation","","US","US","SKHUBCHA PAYROLL FLOW PATTERN TEST","USA Legislative Data Group","300005040233259Payroll Calculation","","",""
"Payroll Calculation","CheckListsTranslation","300005040233259Payroll Calculation,SKHUBCHA PAYROLL FLOW PATTERN TEST","Payroll Calculation","","VN","US","SKHUBCHA PAYROLL FLOW PATTERN TEST","USA Legislative Data Group","300005040233259Payroll Calculation","","",""
"Payroll Calculation","CheckListsTranslation","300005040233259Payroll Calculation,SKHUBCHA PAYROLL FLOW PATTERN TEST","Payroll Calculation","","ZHS","US","SKHUBCHA PAYROLL FLOW PATTERN TEST","USA Legislative Data Group","300005040233259Payroll Calculation","","",""
"Payroll Calculation","CheckListsTranslation","300005040233259Payroll Calculation,SKHUBCHA PAYROLL FLOW PATTERN TEST","Payroll Calculation","","ZHT","US","SKHUBCHA PAYROLL FLOW PATTERN TEST","USA Legislative Data Group","300005040233259Payroll Calculation","","",""
"Calculate and Validate Payroll","CheckListsTranslation","300005040233258Calculate and Validate Payroll,SKHUBCHA PAYROLL FLOW PATTERN TEST","Calculate and Validate Payroll","","CS","US","SKHUBCHA PAYROLL FLOW PATTERN TEST","USA Legislative Data Group","300005040233258Calculate and Validate Payroll","","",""
"Calculate and Validate Payroll","CheckListsTranslation","300005040233258Calculate and Validate Payroll,SKHUBCHA PAYROLL FLOW PATTERN TEST","Calculate and Validate Payroll","","D","US","SKHUBCHA PAYROLL FLOW PATTERN TEST","USA Legislative Data Group","300005040233258Calculate and Validate Payroll","","",""
"Calculate and Validate Payroll","CheckListsTranslation","300005040233258Calculate and Validate Payroll,SKHUBCHA PAYROLL FLOW PATTERN TEST","Calculate and Validate Payroll","","DK","US","SKHUBCHA PAYROLL FLOW PATTERN TEST","USA Legislative Data Group","300005040233258Calculate and Validate Payroll","","",""
"Calculate and Validate Payroll","CheckListsTranslation","300005040233258Calculate and Validate Payroll,SKHUBCHA PAYROLL FLOW PATTERN TEST","Calculate and Validate Payroll","","E","US","SKHUBCHA PAYROLL FLOW PATTERN TEST","USA Legislative Data Group","300005040233258Calculate and Validate Payroll","","",""
"Calculate and Validate Payroll","CheckListsTranslation","300005040233258Calculate and Validate Payroll,SKHUBCHA PAYROLL FLOW PATTERN TEST","Calculate and Validate Payroll","","F","US","SKHUBCHA PAYROLL FLOW PATTERN TEST","USA Legislative Data Group","300005040233258Calculate and Validate Payroll","","",""
"Calculate and Validate Payroll","CheckListsTranslation","300005040233258Calculate and Validate Payroll,SKHUBCHA PAYROLL FLOW PATTERN TEST","Calculate and Validate Payroll","","FRC","US","SKHUBCHA PAYROLL FLOW PATTERN TEST","USA Legislative Data Group","300005040233258Calculate and Validate Payroll","","",""
"Calculate and Validate Payroll","CheckListsTranslation","300005040233258Calculate and Validate Payroll,SKHUBCHA PAYROLL FLOW PATTERN TEST","Calculate and Validate Payroll","","HU","US","SKHUBCHA PAYROLL FLOW PATTERN TEST","USA Legislative Data Group","300005040233258Calculate and Validate Payroll","","",""
"Calculate and Validate Payroll","CheckListsTranslation","300005040233258Calculate and Validate Payroll,SKHUBCHA PAYROLL FLOW PATTERN TEST","Calculate and Validate Payroll","","I","US","SKHUBCHA PAYROLL FLOW PATTERN TEST","USA Legislative Data Group","300005040233258Calculate and Validate Payroll","","",""
"Calculate and Validate Payroll","CheckListsTranslation","300005040233258Calculate and Validate Payroll,SKHUBCHA PAYROLL FLOW PATTERN TEST","Calculate and Validate Payroll","","KO","US","SKHUBCHA PAYROLL FLOW PATTERN TEST","USA Legislative Data Group","300005040233258Calculate and Validate Payroll","","",""
"Calculate and Validate Payroll","CheckListsTranslation","300005040233258Calculate and Validate Payroll,SKHUBCHA PAYROLL FLOW PATTERN TEST","Calculate and Validate Payroll","","N","US","SKHUBCHA PAYROLL FLOW PATTERN TEST","USA Legislative Data Group","300005040233258Calculate and Validate Payroll","","",""
"Calculate and Validate Payroll","CheckListsTranslation","300005040233258Calculate and Validate Payroll,SKHUBCHA PAYROLL FLOW PATTERN TEST","Calculate and Validate Payroll","","NL","US","SKHUBCHA PAYROLL FLOW PATTERN TEST","USA Legislative Data Group","300005040233258Calculate and Validate Payroll","","",""
"Calculate and Validate Payroll","CheckListsTranslation","300005040233258Calculate and Validate Payroll,SKHUBCHA PAYROLL FLOW PATTERN TEST","Calculate and Validate Payroll","","PL","US","SKHUBCHA PAYROLL FLOW PATTERN TEST","USA Legislative Data Group","300005040233258Calculate and Validate Payroll","","",""
"Calculate and Validate Payroll","CheckListsTranslation","300005040233258Calculate and Validate Payroll,SKHUBCHA PAYROLL FLOW PATTERN TEST","Calculate and Validate Payroll","","PTB","US","SKHUBCHA PAYROLL FLOW PATTERN TEST","USA Legislative Data Group","300005040233258Calculate and Validate Payroll","","",""
"Calculate and Validate Payroll","CheckListsTranslation","300005040233258Calculate and Validate Payroll,SKHUBCHA PAYROLL FLOW PATTERN TEST","Calculate and Validate Payroll","","RO","US","SKHUBCHA PAYROLL FLOW PATTERN TEST","USA Legislative Data Group","300005040233258Calculate and Validate Payroll","","",""
"Calculate and Validate Payroll","CheckListsTranslation","300005040233258Calculate and Validate Payroll,SKHUBCHA PAYROLL FLOW PATTERN TEST","Calculate and Validate Payroll","","S","US","SKHUBCHA PAYROLL FLOW PATTERN TEST","USA Legislative Data Group","300005040233258Calculate and Validate Payroll","","",""
"Calculate and Validate Payroll","CheckListsTranslation","300005040233258Calculate and Validate Payroll,SKHUBCHA PAYROLL FLOW PATTERN TEST","Calculate and Validate Payroll","","SF","US","SKHUBCHA PAYROLL FLOW PATTERN TEST","USA Legislative Data Group","300005040233258Calculate and Validate Payroll","","",""
"Calculate and Validate Payroll","CheckListsTranslation","300005040233258Calculate and Validate Payroll,SKHUBCHA PAYROLL FLOW PATTERN TEST","Calculate and Validate Payroll","","TH","US","SKHUBCHA PAYROLL FLOW PATTERN TEST","USA Legislative Data Group","300005040233258Calculate and Validate Payroll","","",""
"Calculate and Validate Payroll","CheckListsTranslation","300005040233258Calculate and Validate Payroll,SKHUBCHA PAYROLL FLOW PATTERN TEST","Calculate and Validate Payroll","","TR","US","SKHUBCHA PAYROLL FLOW PATTERN TEST","USA Legislative Data Group","300005040233258Calculate and Validate Payroll","","",""
"Calculate and Validate Payroll","CheckListsTranslation","300005040233258Calculate and Validate Payroll,SKHUBCHA PAYROLL FLOW PATTERN TEST","Calculate and Validate Payroll","","US","US","SKHUBCHA PAYROLL FLOW PATTERN TEST","USA Legislative Data Group","300005040233258Calculate and Validate Payroll","","",""
"Calculate and Validate Payroll","CheckListsTranslation","300005040233258Calculate and Validate Payroll,SKHUBCHA PAYROLL FLOW PATTERN TEST","Calculate and Validate Payroll","","VN","US","SKHUBCHA PAYROLL FLOW PATTERN TEST","USA Legislative Data Group","300005040233258Calculate and Validate Payroll","","",""
"Calculate and Validate Payroll","CheckListsTranslation","300005040233258Calculate and Validate Payroll,SKHUBCHA PAYROLL FLOW PATTERN TEST","Calculate and Validate Payroll","","ZHS","US","SKHUBCHA PAYROLL FLOW PATTERN TEST","USA Legislative Data Group","300005040233258Calculate and Validate Payroll","","",""
"Calculate and Validate Payroll","CheckListsTranslation","300005040233258Calculate and Validate Payroll,SKHUBCHA PAYROLL FLOW PATTERN TEST","Calculate and Validate Payroll","","ZHT","US","SKHUBCHA PAYROLL FLOW PATTERN TEST","USA Legislative Data Group","300005040233258Calculate and Validate Payroll","","",""
"Payroll Corrections","CheckListsTranslation","300005040233276Payroll Corrections,SKHUBCHA PAYROLL FLOW PATTERN TEST","Payroll Corrections","","CS","US","SKHUBCHA PAYROLL FLOW PATTERN TEST","USA Legislative Data Group","300005040233276Payroll Corrections","","",""
"Payroll Corrections","CheckListsTranslation","300005040233276Payroll Corrections,SKHUBCHA PAYROLL FLOW PATTERN TEST","Payroll Corrections","","D","US","SKHUBCHA PAYROLL FLOW PATTERN TEST","USA Legislative Data Group","300005040233276Payroll Corrections","","",""
"Payroll Corrections","CheckListsTranslation","300005040233276Payroll Corrections,SKHUBCHA PAYROLL FLOW PATTERN TEST","Payroll Corrections","","DK","US","SKHUBCHA PAYROLL FLOW PATTERN TEST","USA Legislative Data Group","300005040233276Payroll Corrections","","",""
"Payroll Corrections","CheckListsTranslation","300005040233276Payroll Corrections,SKHUBCHA PAYROLL FLOW PATTERN TEST","Payroll Corrections","","E","US","SKHUBCHA PAYROLL FLOW PATTERN TEST","USA Legislative Data Group","300005040233276Payroll Corrections","","",""
"Payroll Corrections","CheckListsTranslation","300005040233276Payroll Corrections,SKHUBCHA PAYROLL FLOW PATTERN TEST","Payroll Corrections","","F","US","SKHUBCHA PAYROLL FLOW PATTERN TEST","USA Legislative Data Group","300005040233276Payroll Corrections","","",""
"Payroll Corrections","CheckListsTranslation","300005040233276Payroll Corrections,SKHUBCHA PAYROLL FLOW PATTERN TEST","Payroll Corrections","","FRC","US","SKHUBCHA PAYROLL FLOW PATTERN TEST","USA Legislative Data Group","300005040233276Payroll Corrections","","",""
"Payroll Corrections","CheckListsTranslation","300005040233276Payroll Corrections,SKHUBCHA PAYROLL FLOW PATTERN TEST","Payroll Corrections","","HU","US","SKHUBCHA PAYROLL FLOW PATTERN TEST","USA Legislative Data Group","300005040233276Payroll Corrections","","",""
"Payroll Corrections","CheckListsTranslation","300005040233276Payroll Corrections,SKHUBCHA PAYROLL FLOW PATTERN TEST","Payroll Corrections","","I","US","SKHUBCHA PAYROLL FLOW PATTERN TEST","USA Legislative Data Group","300005040233276Payroll Corrections","","",""
"Payroll Corrections","CheckListsTranslation","300005040233276Payroll Corrections,SKHUBCHA PAYROLL FLOW PATTERN TEST","Payroll Corrections","","KO","US","SKHUBCHA PAYROLL FLOW PATTERN TEST","USA Legislative Data Group","300005040233276Payroll Corrections","","",""
"Payroll Corrections","CheckListsTranslation","300005040233276Payroll Corrections,SKHUBCHA PAYROLL FLOW PATTERN TEST","Payroll Corrections","","N","US","SKHUBCHA PAYROLL FLOW PATTERN TEST","USA Legislative Data Group","300005040233276Payroll Corrections","","",""
"Payroll Corrections","CheckListsTranslation","300005040233276Payroll Corrections,SKHUBCHA PAYROLL FLOW PATTERN TEST","Payroll Corrections","","NL","US","SKHUBCHA PAYROLL FLOW PATTERN TEST","USA Legislative Data Group","300005040233276Payroll Corrections","","",""
"Payroll Corrections","CheckListsTranslation","300005040233276Payroll Corrections,SKHUBCHA PAYROLL FLOW PATTERN TEST","Payroll Corrections","","PL","US","SKHUBCHA PAYROLL FLOW PATTERN TEST","USA Legislative Data Group","300005040233276Payroll Corrections","","",""
"Payroll Corrections","CheckListsTranslation","300005040233276Payroll Corrections,SKHUBCHA PAYROLL FLOW PATTERN TEST","Payroll Corrections","","PTB","US","SKHUBCHA PAYROLL FLOW PATTERN TEST","USA Legislative Data Group","300005040233276Payroll Corrections","","",""
"Payroll Corrections","CheckListsTranslation","300005040233276Payroll Corrections,SKHUBCHA PAYROLL FLOW PATTERN TEST","Payroll Corrections","","RO","US","SKHUBCHA PAYROLL FLOW PATTERN TEST","USA Legislative Data Group","300005040233276Payroll Corrections","","",""
"Payroll Corrections","CheckListsTranslation","300005040233276Payroll Corrections,SKHUBCHA PAYROLL FLOW PATTERN TEST","Payroll Corrections","","S","US","SKHUBCHA PAYROLL FLOW PATTERN TEST","USA Legislative Data Group","300005040233276Payroll Corrections","","",""
"Payroll Corrections","CheckListsTranslation","300005040233276Payroll Corrections,SKHUBCHA PAYROLL FLOW PATTERN TEST","Payroll Corrections","","SF","US","SKHUBCHA PAYROLL FLOW PATTERN TEST","USA Legislative Data Group","300005040233276Payroll Corrections","","",""
"Payroll Corrections","CheckListsTranslation","300005040233276Payroll Corrections,SKHUBCHA PAYROLL FLOW PATTERN TEST","Payroll Corrections","","TH","US","SKHUBCHA PAYROLL FLOW PATTERN TEST","USA Legislative Data Group","300005040233276Payroll Corrections","","",""
"Payroll Corrections","CheckListsTranslation","300005040233276Payroll Corrections,SKHUBCHA PAYROLL FLOW PATTERN TEST","Payroll Corrections","","TR","US","SKHUBCHA PAYROLL FLOW PATTERN TEST","USA Legislative Data Group","300005040233276Payroll Corrections","","",""
"Payroll Corrections","CheckListsTranslation","300005040233276Payroll Corrections,SKHUBCHA PAYROLL FLOW PATTERN TEST","Payroll Corrections","","US","US","SKHUBCHA PAYROLL FLOW PATTERN TEST","USA Legislative Data Group","300005040233276Payroll Corrections","","",""
"Payroll Corrections","CheckListsTranslation","300005040233276Payroll Corrections,SKHUBCHA PAYROLL FLOW PATTERN TEST","Payroll Corrections","","VN","US","SKHUBCHA PAYROLL FLOW PATTERN TEST","USA Legislative Data Group","300005040233276Payroll Corrections","","",""
"Payroll Corrections","CheckListsTranslation","300005040233276Payroll Corrections,SKHUBCHA PAYROLL FLOW PATTERN TEST","Payroll Corrections","","ZHS","US","SKHUBCHA PAYROLL FLOW PATTERN TEST","USA Legislative Data Group","300005040233276Payroll Corrections","","",""
"Payroll Corrections","CheckListsTranslation","300005040233276Payroll Corrections,SKHUBCHA PAYROLL FLOW PATTERN TEST","Payroll Corrections","","ZHT","US","SKHUBCHA PAYROLL FLOW PATTERN TEST","USA Legislative Data Group","300005040233276Payroll Corrections","","",""
"Calculate Payroll","CheckListsTranslation","300005040233257Calculate Payroll,SKHUBCHA PAYROLL FLOW PATTERN TEST","Calculate Payroll","","CS","US","SKHUBCHA PAYROLL FLOW PATTERN TEST","USA Legislative Data Group","300005040233257Calculate Payroll","","",""
"Calculate Payroll","CheckListsTranslation","300005040233257Calculate Payroll,SKHUBCHA PAYROLL FLOW PATTERN TEST","Calculate Payroll","","D","US","SKHUBCHA PAYROLL FLOW PATTERN TEST","USA Legislative Data Group","300005040233257Calculate Payroll","","",""
"Calculate Payroll","CheckListsTranslation","300005040233257Calculate Payroll,SKHUBCHA PAYROLL FLOW PATTERN TEST","Calculate Payroll","","DK","US","SKHUBCHA PAYROLL FLOW PATTERN TEST","USA Legislative Data Group","300005040233257Calculate Payroll","","",""
"Calculate Payroll","CheckListsTranslation","300005040233257Calculate Payroll,SKHUBCHA PAYROLL FLOW PATTERN TEST","Calculate Payroll","","E","US","SKHUBCHA PAYROLL FLOW PATTERN TEST","USA Legislative Data Group","300005040233257Calculate Payroll","","",""
"Calculate Payroll","CheckListsTranslation","300005040233257Calculate Payroll,SKHUBCHA PAYROLL FLOW PATTERN TEST","Calculate Payroll","","F","US","SKHUBCHA PAYROLL FLOW PATTERN TEST","USA Legislative Data Group","300005040233257Calculate Payroll","","",""
"Calculate Payroll","CheckListsTranslation","300005040233257Calculate Payroll,SKHUBCHA PAYROLL FLOW PATTERN TEST","Calculate Payroll","","FRC","US","SKHUBCHA PAYROLL FLOW PATTERN TEST","USA Legislative Data Group","300005040233257Calculate Payroll","","",""
"Calculate Payroll","CheckListsTranslation","300005040233257Calculate Payroll,SKHUBCHA PAYROLL FLOW PATTERN TEST","Calculate Payroll","","HU","US","SKHUBCHA PAYROLL FLOW PATTERN TEST","USA Legislative Data Group","300005040233257Calculate Payroll","","",""
"Calculate Payroll","CheckListsTranslation","300005040233257Calculate Payroll,SKHUBCHA PAYROLL FLOW PATTERN TEST","Calculate Payroll","","I","US","SKHUBCHA PAYROLL FLOW PATTERN TEST","USA Legislative Data Group","300005040233257Calculate Payroll","","",""
"Calculate Payroll","CheckListsTranslation","300005040233257Calculate Payroll,SKHUBCHA PAYROLL FLOW PATTERN TEST","Calculate Payroll","","KO","US","SKHUBCHA PAYROLL FLOW PATTERN TEST","USA Legislative Data Group","300005040233257Calculate Payroll","","",""
"Calculate Payroll","CheckListsTranslation","300005040233257Calculate Payroll,SKHUBCHA PAYROLL FLOW PATTERN TEST","Calculate Payroll","","N","US","SKHUBCHA PAYROLL FLOW PATTERN TEST","USA Legislative Data Group","300005040233257Calculate Payroll","","",""
"Calculate Payroll","CheckListsTranslation","300005040233257Calculate Payroll,SKHUBCHA PAYROLL FLOW PATTERN TEST","Calculate Payroll","","NL","US","SKHUBCHA PAYROLL FLOW PATTERN TEST","USA Legislative Data Group","300005040233257Calculate Payroll","","",""
"Calculate Payroll","CheckListsTranslation","300005040233257Calculate Payroll,SKHUBCHA PAYROLL FLOW PATTERN TEST","Calculate Payroll","","PL","US","SKHUBCHA PAYROLL FLOW PATTERN TEST","USA Legislative Data Group","300005040233257Calculate Payroll","","",""
"Calculate Payroll","CheckListsTranslation","300005040233257Calculate Payroll,SKHUBCHA PAYROLL FLOW PATTERN TEST","Calculate Payroll","","PTB","US","SKHUBCHA PAYROLL FLOW PATTERN TEST","USA Legislative Data Group","300005040233257Calculate Payroll","","",""
"Calculate Payroll","CheckListsTranslation","300005040233257Calculate Payroll,SKHUBCHA PAYROLL FLOW PATTERN TEST","Calculate Payroll","","RO","US","SKHUBCHA PAYROLL FLOW PATTERN TEST","USA Legislative Data Group","300005040233257Calculate Payroll","","",""
"Calculate Payroll","CheckListsTranslation","300005040233257Calculate Payroll,SKHUBCHA PAYROLL FLOW PATTERN TEST","Calculate Payroll","","S","US","SKHUBCHA PAYROLL FLOW PATTERN TEST","USA Legislative Data Group","300005040233257Calculate Payroll","","",""
"Calculate Payroll","CheckListsTranslation","300005040233257Calculate Payroll,SKHUBCHA PAYROLL FLOW PATTERN TEST","Calculate Payroll","","SF","US","SKHUBCHA PAYROLL FLOW PATTERN TEST","USA Legislative Data Group","300005040233257Calculate Payroll","","",""
"Calculate Payroll","CheckListsTranslation","300005040233257Calculate Payroll,SKHUBCHA PAYROLL FLOW PATTERN TEST","Calculate Payroll","","TH","US","SKHUBCHA PAYROLL FLOW PATTERN TEST","USA Legislative Data Group","300005040233257Calculate Payroll","","",""
"Calculate Payroll","CheckListsTranslation","300005040233257Calculate Payroll,SKHUBCHA PAYROLL FLOW PATTERN TEST","Calculate Payroll","","TR","US","SKHUBCHA PAYROLL FLOW PATTERN TEST","USA Legislative Data Group","300005040233257Calculate Payroll","","",""
"Calculate Payroll","CheckListsTranslation","300005040233257Calculate Payroll,SKHUBCHA PAYROLL FLOW PATTERN TEST","Calculate Payroll","","US","US","SKHUBCHA PAYROLL FLOW PATTERN TEST","USA Legislative Data Group","300005040233257Calculate Payroll","","",""
"Calculate Payroll","CheckListsTranslation","300005040233257Calculate Payroll,SKHUBCHA PAYROLL FLOW PATTERN TEST","Calculate Payroll","","VN","US","SKHUBCHA PAYROLL FLOW PATTERN TEST","USA Legislative Data Group","300005040233257Calculate Payroll","","",""
"Calculate Payroll","CheckListsTranslation","300005040233257Calculate Payroll,SKHUBCHA PAYROLL FLOW PATTERN TEST","Calculate Payroll","","ZHS","US","SKHUBCHA PAYROLL FLOW PATTERN TEST","USA Legislative Data Group","300005040233257Calculate Payroll","","",""
"Calculate Payroll","CheckListsTranslation","300005040233257Calculate Payroll,SKHUBCHA PAYROLL FLOW PATTERN TEST","Calculate Payroll","","ZHT","US","SKHUBCHA PAYROLL FLOW PATTERN TEST","USA Legislative Data Group","300005040233257Calculate Payroll","","",""
"Calculate Payroll for Late Hire","CheckListsTranslation","300005040233275Calculate Payroll for Late Hire,SKHUBCHA PAYROLL FLOW PATTERN TEST","Calculate Payroll for Late Hire","","CS","US","SKHUBCHA PAYROLL FLOW PATTERN TEST","USA Legislative Data Group","300005040233275Calculate Payroll for Late Hire","","",""
"Calculate Payroll for Late Hire","CheckListsTranslation","300005040233275Calculate Payroll for Late Hire,SKHUBCHA PAYROLL FLOW PATTERN TEST","Calculate Payroll for Late Hire","","D","US","SKHUBCHA PAYROLL FLOW PATTERN TEST","USA Legislative Data Group","300005040233275Calculate Payroll for Late Hire","","",""
"Calculate Payroll for Late Hire","CheckListsTranslation","300005040233275Calculate Payroll for Late Hire,SKHUBCHA PAYROLL FLOW PATTERN TEST","Calculate Payroll for Late Hire","","DK","US","SKHUBCHA PAYROLL FLOW PATTERN TEST","USA Legislative Data Group","300005040233275Calculate Payroll for Late Hire","","",""
"Calculate Payroll for Late Hire","CheckListsTranslation","300005040233275Calculate Payroll for Late Hire,SKHUBCHA PAYROLL FLOW PATTERN TEST","Calculate Payroll for Late Hire","","E","US","SKHUBCHA PAYROLL FLOW PATTERN TEST","USA Legislative Data Group","300005040233275Calculate Payroll for Late Hire","","",""
"Calculate Payroll for Late Hire","CheckListsTranslation","300005040233275Calculate Payroll for Late Hire,SKHUBCHA PAYROLL FLOW PATTERN TEST","Calculate Payroll for Late Hire","","F","US","SKHUBCHA PAYROLL FLOW PATTERN TEST","USA Legislative Data Group","300005040233275Calculate Payroll for Late Hire","","",""
"Calculate Payroll for Late Hire","CheckListsTranslation","300005040233275Calculate Payroll for Late Hire,SKHUBCHA PAYROLL FLOW PATTERN TEST","Calculate Payroll for Late Hire","","FRC","US","SKHUBCHA PAYROLL FLOW PATTERN TEST","USA Legislative Data Group","300005040233275Calculate Payroll for Late Hire","","",""
"Calculate Payroll for Late Hire","CheckListsTranslation","300005040233275Calculate Payroll for Late Hire,SKHUBCHA PAYROLL FLOW PATTERN TEST","Calculate Payroll for Late Hire","","HU","US","SKHUBCHA PAYROLL FLOW PATTERN TEST","USA Legislative Data Group","300005040233275Calculate Payroll for Late Hire","","",""
"Calculate Payroll for Late Hire","CheckListsTranslation","300005040233275Calculate Payroll for Late Hire,SKHUBCHA PAYROLL FLOW PATTERN TEST","Calculate Payroll for Late Hire","","I","US","SKHUBCHA PAYROLL FLOW PATTERN TEST","USA Legislative Data Group","300005040233275Calculate Payroll for Late Hire","","",""
"Calculate Payroll for Late Hire","CheckListsTranslation","300005040233275Calculate Payroll for Late Hire,SKHUBCHA PAYROLL FLOW PATTERN TEST","Calculate Payroll for Late Hire","","KO","US","SKHUBCHA PAYROLL FLOW PATTERN TEST","USA Legislative Data Group","300005040233275Calculate Payroll for Late Hire","","",""
"Calculate Payroll for Late Hire","CheckListsTranslation","300005040233275Calculate Payroll for Late Hire,SKHUBCHA PAYROLL FLOW PATTERN TEST","Calculate Payroll for Late Hire","","N","US","SKHUBCHA PAYROLL FLOW PATTERN TEST","USA Legislative Data Group","300005040233275Calculate Payroll for Late Hire","","",""
"Calculate Payroll for Late Hire","CheckListsTranslation","300005040233275Calculate Payroll for Late Hire,SKHUBCHA PAYROLL FLOW PATTERN TEST","Calculate Payroll for Late Hire","","NL","US","SKHUBCHA PAYROLL FLOW PATTERN TEST","USA Legislative Data Group","300005040233275Calculate Payroll for Late Hire","","",""
"Calculate Payroll for Late Hire","CheckListsTranslation","300005040233275Calculate Payroll for Late Hire,SKHUBCHA PAYROLL FLOW PATTERN TEST","Calculate Payroll for Late Hire","","PL","US","SKHUBCHA PAYROLL FLOW PATTERN TEST","USA Legislative Data Group","300005040233275Calculate Payroll for Late Hire","","",""
"Calculate Payroll for Late Hire","CheckListsTranslation","300005040233275Calculate Payroll for Late Hire,SKHUBCHA PAYROLL FLOW PATTERN TEST","Calculate Payroll for Late Hire","","PTB","US","SKHUBCHA PAYROLL FLOW PATTERN TEST","USA Legislative Data Group","300005040233275Calculate Payroll for Late Hire","","",""
"Calculate Payroll for Late Hire","CheckListsTranslation","300005040233275Calculate Payroll for Late Hire,SKHUBCHA PAYROLL FLOW PATTERN TEST","Calculate Payroll for Late Hire","","RO","US","SKHUBCHA PAYROLL FLOW PATTERN TEST","USA Legislative Data Group","300005040233275Calculate Payroll for Late Hire","","",""
"Calculate Payroll for Late Hire","CheckListsTranslation","300005040233275Calculate Payroll for Late Hire,SKHUBCHA PAYROLL FLOW PATTERN TEST","Calculate Payroll for Late Hire","","S","US","SKHUBCHA PAYROLL FLOW PATTERN TEST","USA Legislative Data Group","300005040233275Calculate Payroll for Late Hire","","",""
"Calculate Payroll for Late Hire","CheckListsTranslation","300005040233275Calculate Payroll for Late Hire,SKHUBCHA PAYROLL FLOW PATTERN TEST","Calculate Payroll for Late Hire","","SF","US","SKHUBCHA PAYROLL FLOW PATTERN TEST","USA Legislative Data Group","300005040233275Calculate Payroll for Late Hire","","",""
"Calculate Payroll for Late Hire","CheckListsTranslation","300005040233275Calculate Payroll for Late Hire,SKHUBCHA PAYROLL FLOW PATTERN TEST","Calculate Payroll for Late Hire","","TH","US","SKHUBCHA PAYROLL FLOW PATTERN TEST","USA Legislative Data Group","300005040233275Calculate Payroll for Late Hire","","",""
"Calculate Payroll for Late Hire","CheckListsTranslation","300005040233275Calculate Payroll for Late Hire,SKHUBCHA PAYROLL FLOW PATTERN TEST","Calculate Payroll for Late Hire","","TR","US","SKHUBCHA PAYROLL FLOW PATTERN TEST","USA Legislative Data Group","300005040233275Calculate Payroll for Late Hire","","",""
"Calculate Payroll for Late Hire","CheckListsTranslation","300005040233275Calculate Payroll for Late Hire,SKHUBCHA PAYROLL FLOW PATTERN TEST","Calculate Payroll for Late Hire","","US","US","SKHUBCHA PAYROLL FLOW PATTERN TEST","USA Legislative Data Group","300005040233275Calculate Payroll for Late Hire","","",""
"Calculate Payroll for Late Hire","CheckListsTranslation","300005040233275Calculate Payroll for Late Hire,SKHUBCHA PAYROLL FLOW PATTERN TEST","Calculate Payroll for Late Hire","","VN","US","SKHUBCHA PAYROLL FLOW PATTERN TEST","USA Legislative Data Group","300005040233275Calculate Payroll for Late Hire","","",""
"Calculate Payroll for Late Hire","CheckListsTranslation","300005040233275Calculate Payroll for Late Hire,SKHUBCHA PAYROLL FLOW PATTERN TEST","Calculate Payroll for Late Hire","","ZHS","US","SKHUBCHA PAYROLL FLOW PATTERN TEST","USA Legislative Data Group","300005040233275Calculate Payroll for Late Hire","","",""
"Calculate Payroll for Late Hire","CheckListsTranslation","300005040233275Calculate Payroll for Late Hire,SKHUBCHA PAYROLL FLOW PATTERN TEST","Calculate Payroll for Late Hire","","ZHT","US","SKHUBCHA PAYROLL FLOW PATTERN TEST","USA Legislative Data Group","300005040233275Calculate Payroll for Late Hire","","",""
"Calculate Payroll for Single Employee","CheckListsTranslation","300005040233304Calculate Payroll for Single Employee,SKHUBCHA PAYROLL FLOW PATTERN TEST","Calculate Payroll for Single Employee","","CS","US","SKHUBCHA PAYROLL FLOW PATTERN TEST","USA Legislative Data Group","300005040233304Calculate Payroll for Single Employee","","",""
"Calculate Payroll for Single Employee","CheckListsTranslation","300005040233304Calculate Payroll for Single Employee,SKHUBCHA PAYROLL FLOW PATTERN TEST","Calculate Payroll for Single Employee","","D","US","SKHUBCHA PAYROLL FLOW PATTERN TEST","USA Legislative Data Group","300005040233304Calculate Payroll for Single Employee","","",""
"Calculate Payroll for Single Employee","CheckListsTranslation","300005040233304Calculate Payroll for Single Employee,SKHUBCHA PAYROLL FLOW PATTERN TEST","Calculate Payroll for Single Employee","","DK","US","SKHUBCHA PAYROLL FLOW PATTERN TEST","USA Legislative Data Group","300005040233304Calculate Payroll for Single Employee","","",""
"Calculate Payroll for Single Employee","CheckListsTranslation","300005040233304Calculate Payroll for Single Employee,SKHUBCHA PAYROLL FLOW PATTERN TEST","Calculate Payroll for Single Employee","","E","US","SKHUBCHA PAYROLL FLOW PATTERN TEST","USA Legislative Data Group","300005040233304Calculate Payroll for Single Employee","","",""
"Calculate Payroll for Single Employee","CheckListsTranslation","300005040233304Calculate Payroll for Single Employee,SKHUBCHA PAYROLL FLOW PATTERN TEST","Calculate Payroll for Single Employee","","F","US","SKHUBCHA PAYROLL FLOW PATTERN TEST","USA Legislative Data Group","300005040233304Calculate Payroll for Single Employee","","",""
"Calculate Payroll for Single Employee","CheckListsTranslation","300005040233304Calculate Payroll for Single Employee,SKHUBCHA PAYROLL FLOW PATTERN TEST","Calculate Payroll for Single Employee","","FRC","US","SKHUBCHA PAYROLL FLOW PATTERN TEST","USA Legislative Data Group","300005040233304Calculate Payroll for Single Employee","","",""
"Calculate Payroll for Single Employee","CheckListsTranslation","300005040233304Calculate Payroll for Single Employee,SKHUBCHA PAYROLL FLOW PATTERN TEST","Calculate Payroll for Single Employee","","HU","US","SKHUBCHA PAYROLL FLOW PATTERN TEST","USA Legislative Data Group","300005040233304Calculate Payroll for Single Employee","","",""
"Calculate Payroll for Single Employee","CheckListsTranslation","300005040233304Calculate Payroll for Single Employee,SKHUBCHA PAYROLL FLOW PATTERN TEST","Calculate Payroll for Single Employee","","I","US","SKHUBCHA PAYROLL FLOW PATTERN TEST","USA Legislative Data Group","300005040233304Calculate Payroll for Single Employee","","",""
"Calculate Payroll for Single Employee","CheckListsTranslation","300005040233304Calculate Payroll for Single Employee,SKHUBCHA PAYROLL FLOW PATTERN TEST","Calculate Payroll for Single Employee","","KO","US","SKHUBCHA PAYROLL FLOW PATTERN TEST","USA Legislative Data Group","300005040233304Calculate Payroll for Single Employee","","",""
"Calculate Payroll for Single Employee","CheckListsTranslation","300005040233304Calculate Payroll for Single Employee,SKHUBCHA PAYROLL FLOW PATTERN TEST","Calculate Payroll for Single Employee","","N","US","SKHUBCHA PAYROLL FLOW PATTERN TEST","USA Legislative Data Group","300005040233304Calculate Payroll for Single Employee","","",""
"Calculate Payroll for Single Employee","CheckListsTranslation","300005040233304Calculate Payroll for Single Employee,SKHUBCHA PAYROLL FLOW PATTERN TEST","Calculate Payroll for Single Employee","","NL","US","SKHUBCHA PAYROLL FLOW PATTERN TEST","USA Legislative Data Group","300005040233304Calculate Payroll for Single Employee","","",""
"Calculate Payroll for Single Employee","CheckListsTranslation","300005040233304Calculate Payroll for Single Employee,SKHUBCHA PAYROLL FLOW PATTERN TEST","Calculate Payroll for Single Employee","","PL","US","SKHUBCHA PAYROLL FLOW PATTERN TEST","USA Legislative Data Group","300005040233304Calculate Payroll for Single Employee","","",""
"Calculate Payroll for Single Employee","CheckListsTranslation","300005040233304Calculate Payroll for Single Employee,SKHUBCHA PAYROLL FLOW PATTERN TEST","Calculate Payroll for Single Employee","","PTB","US","SKHUBCHA PAYROLL FLOW PATTERN TEST","USA Legislative Data Group","300005040233304Calculate Payroll for Single Employee","","",""
"Calculate Payroll for Single Employee","CheckListsTranslation","300005040233304Calculate Payroll for Single Employee,SKHUBCHA PAYROLL FLOW PATTERN TEST","Calculate Payroll for Single Employee","","RO","US","SKHUBCHA PAYROLL FLOW PATTERN TEST","USA Legislative Data Group","300005040233304Calculate Payroll for Single Employee","","",""
"Calculate Payroll for Single Employee","CheckListsTranslation","300005040233304Calculate Payroll for Single Employee,SKHUBCHA PAYROLL FLOW PATTERN TEST","Calculate Payroll for Single Employee","","S","US","SKHUBCHA PAYROLL FLOW PATTERN TEST","USA Legislative Data Group","300005040233304Calculate Payroll for Single Employee","","",""
"Calculate Payroll for Single Employee","CheckListsTranslation","300005040233304Calculate Payroll for Single Employee,SKHUBCHA PAYROLL FLOW PATTERN TEST","Calculate Payroll for Single Employee","","SF","US","SKHUBCHA PAYROLL FLOW PATTERN TEST","USA Legislative Data Group","300005040233304Calculate Payroll for Single Employee","","",""
"Calculate Payroll for Single Employee","CheckListsTranslation","300005040233304Calculate Payroll for Single Employee,SKHUBCHA PAYROLL FLOW PATTERN TEST","Calculate Payroll for Single Employee","","TH","US","SKHUBCHA PAYROLL FLOW PATTERN TEST","USA Legislative Data Group","300005040233304Calculate Payroll for Single Employee","","",""
"Calculate Payroll for Single Employee","CheckListsTranslation","300005040233304Calculate Payroll for Single Employee,SKHUBCHA PAYROLL FLOW PATTERN TEST","Calculate Payroll for Single Employee","","TR","US","SKHUBCHA PAYROLL FLOW PATTERN TEST","USA Legislative Data Group","300005040233304Calculate Payroll for Single Employee","","",""
"Calculate Payroll for Single Employee","CheckListsTranslation","300005040233304Calculate Payroll for Single Employee,SKHUBCHA PAYROLL FLOW PATTERN TEST","Calculate Payroll for Single Employee","","US","US","SKHUBCHA PAYROLL FLOW PATTERN TEST","USA Legislative Data Group","300005040233304Calculate Payroll for Single Employee","","",""
"Calculate Payroll for Single Employee","CheckListsTranslation","300005040233304Calculate Payroll for Single Employee,SKHUBCHA PAYROLL FLOW PATTERN TEST","Calculate Payroll for Single Employee","","VN","US","SKHUBCHA PAYROLL FLOW PATTERN TEST","USA Legislative Data Group","300005040233304Calculate Payroll for Single Employee","","",""
"Calculate Payroll for Single Employee","CheckListsTranslation","300005040233304Calculate Payroll for Single Employee,SKHUBCHA PAYROLL FLOW PATTERN TEST","Calculate Payroll for Single Employee","","ZHS","US","SKHUBCHA PAYROLL FLOW PATTERN TEST","USA Legislative Data Group","300005040233304Calculate Payroll for Single Employee","","",""
"Calculate Payroll for Single Employee","CheckListsTranslation","300005040233304Calculate Payroll for Single Employee,SKHUBCHA PAYROLL FLOW PATTERN TEST","Calculate Payroll for Single Employee","","ZHT","US","SKHUBCHA PAYROLL FLOW PATTERN TEST","USA Legislative Data Group","300005040233304Calculate Payroll for Single Employee","","",""
