"PAY_PAYROLL_FLOW.FlowName","ViewInstanceName","GroupingKey","Description","FlowName","Language","SourceLang","BaseFlowName","LegislationCode","LegislativeDataGroupName","FlowId","LegislativeDataGroupId"
"SKHUBCHA Payroll Flow Pattern Test","FlowSetupTranslation","SKHUBCHA PAYROLL FLOW PATTERN TEST","Test payroll flow pattern for migration ","SKHUBCHA Payroll Flow Pattern Test","CS","US","SKHUBCHA PAYROLL FLOW PATTERN TEST","","USA Legislative Data Group","",""
"SKHUBCHA Payroll Flow Pattern Test","FlowSetupTranslation","SKHUBCHA PAYROLL FLOW PATTERN TEST","Test payroll flow pattern for migration ","SKHUBCHA Payroll Flow Pattern Test","D","US","SKHUBCHA PAYROLL FLOW PATTERN TEST","","USA Legislative Data Group","",""
"SKHUBCHA Payroll Flow Pattern Test","FlowSetupTranslation","SKHUBCHA PAYROLL FLOW PATTERN TEST","Test payroll flow pattern for migration ","SKHUBCHA Payroll Flow Pattern Test","DK","US","SKHUBCHA PAYROLL FLOW PATTERN TEST","","USA Legislative Data Group","",""
"SKHUBCHA Payroll Flow Pattern Test","FlowSetupTranslation","SKHUBCHA PAYROLL FLOW PATTERN TEST","Test payroll flow pattern for migration ","SKHUBCHA Payroll Flow Pattern Test","E","US","SKHUBCHA PAYROLL FLOW PATTERN TEST","","USA Legislative Data Group","",""
"SKHUBCHA Payroll Flow Pattern Test","FlowSetupTranslation","SKHUBCHA PAYROLL FLOW PATTERN TEST","Test payroll flow pattern for migration ","SKHUBCHA Payroll Flow Pattern Test","F","US","SKHUBCHA PAYROLL FLOW PATTERN TEST","","USA Legislative Data Group","",""
"SKHUBCHA Payroll Flow Pattern Test","FlowSetupTranslation","SKHUBCHA PAYROLL FLOW PATTERN TEST","Test payroll flow pattern for migration ","SKHUBCHA Payroll Flow Pattern Test","FRC","US","SKHUBCHA PAYROLL FLOW PATTERN TEST","","USA Legislative Data Group","",""
"SKHUBCHA Payroll Flow Pattern Test","FlowSetupTranslation","SKHUBCHA PAYROLL FLOW PATTERN TEST","Test payroll flow pattern for migration ","SKHUBCHA Payroll Flow Pattern Test","HU","US","SKHUBCHA PAYROLL FLOW PATTERN TEST","","USA Legislative Data Group","",""
"SKHUBCHA Payroll Flow Pattern Test","FlowSetupTranslation","SKHUBCHA PAYROLL FLOW PATTERN TEST","Test payroll flow pattern for migration ","SKHUBCHA Payroll Flow Pattern Test","I","US","SKHUBCHA PAYROLL FLOW PATTERN TEST","","USA Legislative Data Group","",""
"SKHUBCHA Payroll Flow Pattern Test","FlowSetupTranslation","SKHUBCHA PAYROLL FLOW PATTERN TEST","Test payroll flow pattern for migration ","SKHUBCHA Payroll Flow Pattern Test","KO","US","SKHUBCHA PAYROLL FLOW PATTERN TEST","","USA Legislative Data Group","",""
"SKHUBCHA Payroll Flow Pattern Test","FlowSetupTranslation","SKHUBCHA PAYROLL FLOW PATTERN TEST","Test payroll flow pattern for migration ","SKHUBCHA Payroll Flow Pattern Test","N","US","SKHUBCHA PAYROLL FLOW PATTERN TEST","","USA Legislative Data Group","",""
"SKHUBCHA Payroll Flow Pattern Test","FlowSetupTranslation","SKHUBCHA PAYROLL FLOW PATTERN TEST","Test payroll flow pattern for migration ","SKHUBCHA Payroll Flow Pattern Test","NL","US","SKHUBCHA PAYROLL FLOW PATTERN TEST","","USA Legislative Data Group","",""
"SKHUBCHA Payroll Flow Pattern Test","FlowSetupTranslation","SKHUBCHA PAYROLL FLOW PATTERN TEST","Test payroll flow pattern for migration ","SKHUBCHA Payroll Flow Pattern Test","PL","US","SKHUBCHA PAYROLL FLOW PATTERN TEST","","USA Legislative Data Group","",""
"SKHUBCHA Payroll Flow Pattern Test","FlowSetupTranslation","SKHUBCHA PAYROLL FLOW PATTERN TEST","Test payroll flow pattern for migration ","SKHUBCHA Payroll Flow Pattern Test","PTB","US","SKHUBCHA PAYROLL FLOW PATTERN TEST","","USA Legislative Data Group","",""
"SKHUBCHA Payroll Flow Pattern Test","FlowSetupTranslation","SKHUBCHA PAYROLL FLOW PATTERN TEST","Test payroll flow pattern for migration ","SKHUBCHA Payroll Flow Pattern Test","RO","US","SKHUBCHA PAYROLL FLOW PATTERN TEST","","USA Legislative Data Group","",""
"SKHUBCHA Payroll Flow Pattern Test","FlowSetupTranslation","SKHUBCHA PAYROLL FLOW PATTERN TEST","Test payroll flow pattern for migration ","SKHUBCHA Payroll Flow Pattern Test","S","US","SKHUBCHA PAYROLL FLOW PATTERN TEST","","USA Legislative Data Group","",""
"SKHUBCHA Payroll Flow Pattern Test","FlowSetupTranslation","SKHUBCHA PAYROLL FLOW PATTERN TEST","Test payroll flow pattern for migration ","SKHUBCHA Payroll Flow Pattern Test","SF","US","SKHUBCHA PAYROLL FLOW PATTERN TEST","","USA Legislative Data Group","",""
"SKHUBCHA Payroll Flow Pattern Test","FlowSetupTranslation","SKHUBCHA PAYROLL FLOW PATTERN TEST","Test payroll flow pattern for migration ","SKHUBCHA Payroll Flow Pattern Test","TH","US","SKHUBCHA PAYROLL FLOW PATTERN TEST","","USA Legislative Data Group","",""
"SKHUBCHA Payroll Flow Pattern Test","FlowSetupTranslation","SKHUBCHA PAYROLL FLOW PATTERN TEST","Test payroll flow pattern for migration ","SKHUBCHA Payroll Flow Pattern Test","TR","US","SKHUBCHA PAYROLL FLOW PATTERN TEST","","USA Legislative Data Group","",""
"SKHUBCHA Payroll Flow Pattern Test","FlowSetupTranslation","SKHUBCHA PAYROLL FLOW PATTERN TEST","Test payroll flow pattern for migration ","SKHUBCHA Payroll Flow Pattern Test","US","US","SKHUBCHA PAYROLL FLOW PATTERN TEST","","USA Legislative Data Group","",""
"SKHUBCHA Payroll Flow Pattern Test","FlowSetupTranslation","SKHUBCHA PAYROLL FLOW PATTERN TEST","Test payroll flow pattern for migration ","SKHUBCHA Payroll Flow Pattern Test","VN","US","SKHUBCHA PAYROLL FLOW PATTERN TEST","","USA Legislative Data Group","",""
"SKHUBCHA Payroll Flow Pattern Test","FlowSetupTranslation","SKHUBCHA PAYROLL FLOW PATTERN TEST","Test payroll flow pattern for migration ","SKHUBCHA Payroll Flow Pattern Test","ZHS","US","SKHUBCHA PAYROLL FLOW PATTERN TEST","","USA Legislative Data Group","",""
"SKHUBCHA Payroll Flow Pattern Test","FlowSetupTranslation","SKHUBCHA PAYROLL FLOW PATTERN TEST","Test payroll flow pattern for migration ","SKHUBCHA Payroll Flow Pattern Test","ZHT","US","SKHUBCHA PAYROLL FLOW PATTERN TEST","","USA Legislative Data Group","",""
